# Deterministic snapshot stream generated by an in-tree LCG. ~4000 events,
# mix of Adds and Cancels, occasional aggressive crossings. Used by the
# README's snapshot replay example and as a reproducibility anchor for
# perf testing.
0,1000000,0,25,9996
0,1000001,1,48,10002
0,1000002,1,40,9999
0,1000003,1,1,9999
0,1000004,1,33,10002
1,1000000
0,1000005,1,13,9999
0,1000006,0,43,9994
0,1000007,0,12,9996
1,1000007
0,1000008,1,39,9999
1,1000003
1,1000008
0,1000009,0,15,9992
0,1000010,1,5,10002
0,1000011,0,46,9992
0,1000012,1,33,9995
0,1000013,0,22,9990
0,1000014,1,49,9991
0,1000015,0,11,9987
0,1000016,0,5,9982
0,1000017,1,45,9988
0,1000018,0,31,9987
0,1000019,0,10,9986
0,1000020,1,38,9990
0,1000021,0,7,9988
0,1000022,1,33,9989
1,1000006
1,1000011
0,1000023,1,32,9986
0,1000024,1,25,9990
1,1000024
0,1000025,0,48,9983
0,1000026,1,46,9989
0,1000027,0,10,9987
1,1000014
0,1000028,0,43,9986
0,1000029,0,15,9986
0,1000030,1,28,9989
0,1000031,1,2,9989
0,1000032,0,48,9982
0,1000033,0,27,9982
0,1000034,1,43,9986
0,1000035,1,10,9987
1,1000026
0,1000036,1,25,9983
0,1000037,0,42,9982
0,1000038,1,48,9983
0,1000039,0,22,9979
0,1000040,1,50,9981
0,1000041,1,32,9986
0,1000042,0,9,9978
1,1000018
0,1000043,0,31,9974
1,1000033
0,1000044,0,23,9975
0,1000045,0,41,9975
0,1000046,1,33,9977
0,1000047,0,36,9973
1,1000039
0,1000048,0,21,9972
1,1000022
0,1000049,1,27,9980
0,1000050,0,46,9973
0,1000051,0,23,9972
0,1000052,1,31,9975
1,1000002
0,1000053,1,42,9972
0,1000054,0,1,9968
0,1000055,0,50,9967
0,1000056,0,8,9968
0,1000057,1,46,9971
0,1000058,1,25,9973
1,1000031
0,1000059,1,32,9970
0,1000060,0,25,9963
0,1000061,1,25,9970
0,1000062,0,44,9963
0,1000063,0,36,9958
0,1000064,0,37,9961
1,1000037
0,1000065,1,46,9962
0,1000066,0,28,9956
0,1000067,1,24,9967
0,1000068,0,44,9958
0,1000069,1,1,9961
1,1000001
0,1000070,0,29,9957
0,1000071,1,32,9962
0,1000072,1,1,9964
0,1000073,1,7,9962
0,1000074,0,39,9954
0,1000075,0,48,9953
0,1000076,0,6,9957
1,1000041
0,1000077,1,4,9959
1,1000064
0,1000078,0,15,9955
1,1000052
0,1000079,0,11,9948
1,1000047
1,1000046
1,1000070
0,1000080,1,13,9954
1,1000019
0,1000081,0,31,9943
0,1000082,1,38,9950
0,1000083,1,23,9955
0,1000084,0,44,9947
0,1000085,1,39,9953
0,1000086,1,16,9953
0,1000087,1,4,9950
0,1000088,1,5,9952
1,1000044
0,1000089,1,6,9951
1,1000068
0,1000090,1,11,9946
0,1000091,1,22,9946
0,1000092,0,41,9940
1,1000035
0,1000093,0,47,9943
0,1000094,1,22,9949
0,1000095,1,49,9945
1,1000048
0,1000096,1,17,9948
0,1000097,0,38,9938
0,1000098,0,4,9937
0,1000099,1,20,9942
1,1000080
0,1000100,0,28,9938
0,1000101,1,38,9940
0,1000102,0,47,9931
0,1000103,0,27,9929
0,1000104,0,8,9930
0,1000105,1,18,9936
0,1000106,0,22,9933
0,1000107,0,6,9928
0,1000108,1,12,9934
0,1000109,0,10,9929
1,1000102
0,1000110,1,17,9939
1,1000059
1,1000030
1,1000057
0,1000111,0,45,9929
0,1000112,0,25,9932
1,1000053
0,1000113,0,13,9932
0,1000114,0,23,9929
0,1000115,0,41,9931
1,1000004
1,1000076
1,1000096
1,1000081
0,1000116,0,1,9930
1,1000086
1,1000115
1,1000089
0,1000117,1,32,9933
0,1000118,1,22,9933
0,1000119,0,16,9925
0,1000120,1,37,9933
0,1000121,1,16,9932
0,1000122,0,5,9923
0,1000123,1,25,9930
0,1000124,0,47,9925
0,1000125,0,34,9921
0,1000126,0,45,9920
0,1000127,0,42,9920
0,1000128,0,8,9920
0,1000129,1,2,9926
1,1000091
0,1000130,1,28,9922
0,1000131,1,11,9921
0,1000132,0,19,9915
0,1000133,1,11,9919
0,1000134,0,2,9916
1,1000107
0,1000135,1,4,9918
1,1000125
0,1000136,1,28,9918
0,1000137,1,48,9917
0,1000138,0,12,9907
0,1000139,0,42,9911
0,1000140,1,23,9913
0,1000141,0,4,9912
1,1000061
0,1000142,0,4,9912
0,1000143,1,43,9914
0,1000144,0,33,9912
0,1000145,1,23,9916
0,1000146,0,8,9909
0,1000147,0,34,9913
0,1000148,1,16,9918
1,1000075
1,1000147
0,1000149,0,17,9914
1,1000028
0,1000150,0,46,9909
0,1000151,0,39,9907
1,1000092
0,1000152,0,19,9908
0,1000153,1,41,9911
0,1000154,0,34,9907
0,1000155,1,40,9913
1,1000034
0,1000156,0,43,9901
0,1000157,1,48,9910
0,1000158,1,4,9910
0,1000159,0,37,9903
0,1000160,0,14,9900
0,1000161,0,5,9898
0,1000162,1,37,9907
1,1000124
0,1000163,1,1,9902
0,1000164,0,18,9897
0,1000165,1,4,9905
1,1000101
1,1000021
0,1000166,0,36,9901
0,1000167,0,35,9900
0,1000168,0,25,9900
0,1000169,0,39,9899
0,1000170,0,36,9899
0,1000171,1,9,9902
0,1000172,0,20,9899
0,1000173,1,48,9902
0,1000174,1,10,9902
0,1000175,0,2,9897
1,1000087
0,1000176,1,4,9901
0,1000177,1,17,9899
1,1000169
0,1000178,0,33,9893
0,1000179,1,20,9900
0,1000180,1,42,9899
0,1000181,1,44,9902
0,1000182,1,33,9899
1,1000154
0,1000183,1,8,9899
0,1000184,0,46,9894
0,1000185,1,9,9896
1,1000129
0,1000186,1,2,9895
0,1000187,0,21,9892
0,1000188,1,22,9893
0,1000189,0,12,9889
1,1000065
0,1000190,1,43,9897
0,1000191,0,1,9889
1,1000060
0,1000192,0,26,9890
0,1000193,0,18,9890
0,1000194,0,13,9889
0,1000195,1,27,9893
0,1000196,1,2,9890
0,1000197,0,32,9886
0,1000198,0,8,9882
0,1000199,1,46,9888
0,1000200,0,23,9882
0,1000201,0,22,9880
0,1000202,0,8,9880
0,1000203,1,27,9887
0,1000204,1,45,9884
1,1000056
0,1000205,0,25,9880
0,1000206,1,9,9884
1,1000189
0,1000207,1,49,9881
0,1000208,1,24,9875
0,1000209,0,9,9871
0,1000210,1,32,9880
0,1000211,1,27,9875
0,1000212,1,14,9875
1,1000151
0,1000213,0,2,9871
0,1000214,1,32,9876
0,1000215,0,10,9871
0,1000216,0,4,9873
0,1000217,1,42,9875
0,1000218,1,41,9879
1,1000166
1,1000121
0,1000219,0,21,9873
0,1000220,0,8,9872
0,1000221,0,1,9871
1,1000094
0,1000222,1,10,9874
0,1000223,1,21,9875
0,1000224,0,40,9869
0,1000225,1,43,9875
1,1000123
0,1000226,0,31,9868
0,1000227,1,10,9870
1,1000191
0,1000228,0,26,9863
0,1000229,1,39,9864
0,1000230,0,29,9857
0,1000231,1,7,9862
1,1000122
0,1000232,0,9,9855
1,1000095
1,1000152
0,1000233,1,35,9861
0,1000234,1,1,9858
1,1000205
1,1000185
1,1000020
0,1000235,1,46,9858
0,1000236,0,2,9848
0,1000237,1,9,9854
1,1000113
1,1000082
0,1000238,1,13,9850
0,1000239,0,2,9840
0,1000240,0,27,9843
0,1000241,1,45,9850
0,1000242,0,9,9844
0,1000243,1,49,9844
0,1000244,1,25,9845
1,1000159
0,1000245,1,13,9845
0,1000246,1,7,9844
0,1000247,1,45,9845
0,1000248,1,15,9846
0,1000249,0,12,9843
0,1000250,1,35,9850
1,1000226
0,1000251,1,2,9847
0,1000252,0,15,9843
0,1000253,0,29,9841
1,1000108
0,1000254,1,2,9844
0,1000255,0,8,9843
0,1000256,0,47,9841
0,1000257,1,29,9841
0,1000258,0,12,9836
0,1000259,0,18,9839
1,1000120
0,1000260,1,35,9845
1,1000211
1,1000195
0,1000261,0,32,9836
0,1000262,0,16,9836
1,1000157
0,1000263,1,36,9840
0,1000264,1,10,9835
0,1000265,0,41,9828
1,1000016
1,1000093
0,1000266,1,8,9833
0,1000267,1,11,9832
0,1000268,0,27,9830
0,1000269,0,27,9830
0,1000270,0,13,9830
0,1000271,1,36,9831
0,1000272,0,28,9828
1,1000224
1,1000213
0,1000273,0,15,9825
1,1000258
0,1000274,0,5,9823
0,1000275,1,24,9826
0,1000276,0,10,9823
0,1000277,0,29,9820
0,1000278,0,7,9820
1,1000212
0,1000279,1,41,9827
0,1000280,0,22,9821
0,1000281,0,37,9821
1,1000266
0,1000282,1,7,9823
0,1000283,1,36,9823
0,1000284,0,7,9818
0,1000285,1,8,9821
0,1000286,0,1,9817
0,1000287,1,2,9818
1,1000215
0,1000288,0,28,9814
1,1000253
1,1000230
0,1000289,1,5,9816
0,1000290,1,15,9815
0,1000291,0,25,9812
0,1000292,1,24,9819
1,1000104
0,1000293,1,12,9813
0,1000294,1,40,9814
0,1000295,1,45,9816
0,1000296,0,46,9813
0,1000297,0,20,9810
1,1000190
0,1000298,1,20,9819
0,1000299,1,10,9818
1,1000058
0,1000300,0,37,9808
0,1000301,1,32,9818
0,1000302,1,9,9813
1,1000245
0,1000303,0,34,9810
0,1000304,0,19,9807
0,1000305,1,15,9817
1,1000085
0,1000306,0,22,9810
0,1000307,0,17,9810
1,1000234
0,1000308,0,38,9806
0,1000309,0,43,9808
1,1000261
0,1000310,0,45,9803
0,1000311,0,9,9804
0,1000312,1,27,9809
1,1000304
0,1000313,0,1,9802
1,1000264
1,1000240
0,1000314,1,5,9806
1,1000231
1,1000135
0,1000315,0,40,9802
0,1000316,1,34,9805
0,1000317,1,35,9806
0,1000318,0,4,9801
0,1000319,1,15,9802
0,1000320,1,12,9806
0,1000321,1,18,9807
0,1000322,0,36,9801
0,1000323,1,9,9806
1,1000305
0,1000324,0,35,9798
0,1000325,1,44,9799
0,1000326,0,29,9793
0,1000327,0,45,9790
0,1000328,0,25,9788
1,1000209
0,1000329,0,20,9793
1,1000222
0,1000330,1,2,9797
0,1000331,1,16,9796
0,1000332,1,40,9798
1,1000066
0,1000333,0,2,9790
0,1000334,0,25,9789
0,1000335,0,11,9788
0,1000336,1,3,9793
1,1000329
0,1000337,0,31,9786
0,1000338,0,17,9785
1,1000027
0,1000339,1,49,9787
0,1000340,0,24,9783
0,1000341,0,35,9784
0,1000342,1,24,9786
0,1000343,0,21,9781
0,1000344,0,44,9783
0,1000345,0,47,9785
0,1000346,0,7,9782
0,1000347,1,34,9787
1,1000307
0,1000348,1,5,9785
0,1000349,0,27,9781
0,1000350,1,27,9785
0,1000351,1,41,9784
1,1000350
0,1000352,0,5,9782
0,1000353,0,26,9782
1,1000319
0,1000354,0,36,9778
0,1000355,1,27,9784
1,1000172
0,1000356,1,3,9782
0,1000357,0,31,9775
1,1000162
1,1000227
0,1000358,1,35,9783
0,1000359,1,11,9782
1,1000045
0,1000360,1,2,9777
0,1000361,1,9,9777
1,1000351
0,1000362,1,19,9777
0,1000363,0,12,9770
0,1000364,1,30,9774
1,1000275
0,1000365,1,9,9773
0,1000366,0,35,9767
0,1000367,0,10,9769
1,1000336
0,1000368,1,7,9775
0,1000369,1,18,9775
0,1000370,0,26,9766
1,1000237
0,1000371,1,32,9770
0,1000372,1,15,9771
0,1000373,1,48,9773
1,1000254
0,1000374,0,16,9763
0,1000375,1,33,9769
0,1000376,1,2,9770
0,1000377,1,18,9766
0,1000378,0,44,9761
0,1000379,1,30,9768
0,1000380,1,21,9765
1,1000140
0,1000381,1,34,9766
0,1000382,0,34,9761
0,1000383,0,22,9759
0,1000384,0,29,9760
0,1000385,1,7,9764
0,1000386,1,41,9764
1,1000167
0,1000387,0,24,9758
0,1000388,1,15,9763
0,1000389,1,41,9761
0,1000390,0,47,9760
0,1000391,0,1,9757
0,1000392,1,8,9767
0,1000393,1,22,9768
0,1000394,0,5,9762
0,1000395,0,28,9758
0,1000396,1,39,9766
0,1000397,1,43,9764
0,1000398,0,19,9760
0,1000399,0,23,9758
0,1000400,1,24,9765
0,1000401,0,41,9759
0,1000402,0,28,9761
0,1000403,1,36,9764
1,1000303
0,1000404,1,16,9764
0,1000405,1,4,9761
0,1000406,1,31,9763
0,1000407,1,27,9763
0,1000408,1,45,9759
0,1000409,0,38,9758
0,1000410,0,32,9753
0,1000411,0,32,9756
1,1000297
0,1000412,0,28,9752
0,1000413,1,50,9758
0,1000414,0,9,9754
0,1000415,1,16,9754
0,1000416,0,18,9748
0,1000417,0,36,9750
1,1000397
0,1000418,0,26,9751
0,1000419,1,17,9757
1,1000042
0,1000420,0,47,9752
0,1000421,0,9,9755
0,1000422,0,37,9756
0,1000423,1,6,9756
0,1000424,0,19,9750
0,1000425,1,19,9759
0,1000426,0,4,9753
0,1000427,0,34,9753
0,1000428,1,25,9753
1,1000405
0,1000429,1,35,9756
0,1000430,0,4,9750
0,1000431,0,33,9748
0,1000432,1,20,9751
0,1000433,1,46,9750
0,1000434,0,42,9744
1,1000284
1,1000127
0,1000435,1,33,9748
1,1000315
0,1000436,0,49,9744
0,1000437,0,18,9743
0,1000438,1,6,9748
1,1000198
0,1000439,0,29,9743
0,1000440,1,6,9749
0,1000441,1,17,9751
1,1000186
0,1000442,0,27,9744
1,1000133
0,1000443,1,31,9746
0,1000444,0,49,9738
0,1000445,1,44,9742
0,1000446,1,20,9745
0,1000447,1,21,9745
0,1000448,0,14,9740
1,1000112
0,1000449,1,16,9745
0,1000450,0,21,9735
0,1000451,0,49,9737
1,1000385
0,1000452,0,45,9740
1,1000073
1,1000163
0,1000453,1,32,9741
0,1000454,0,14,9737
0,1000455,0,44,9736
0,1000456,1,47,9742
0,1000457,0,9,9739
0,1000458,1,6,9739
0,1000459,1,38,9738
0,1000460,0,19,9734
1,1000238
0,1000461,1,17,9735
0,1000462,0,16,9728
0,1000463,1,45,9735
0,1000464,0,27,9732
0,1000465,1,18,9738
0,1000466,0,44,9733
0,1000467,0,30,9731
0,1000468,0,24,9729
1,1000176
0,1000469,0,24,9730
0,1000470,1,11,9734
1,1000074
1,1000138
0,1000471,0,35,9727
0,1000472,0,45,9725
0,1000473,0,22,9724
1,1000449
0,1000474,0,35,9718
1,1000259
0,1000475,0,46,9717
0,1000476,0,1,9720
0,1000477,0,21,9717
0,1000478,1,21,9721
1,1000407
0,1000479,0,42,9718
1,1000346
0,1000480,1,32,9718
0,1000481,1,50,9718
1,1000441
0,1000482,0,44,9715
0,1000483,1,28,9716
0,1000484,0,1,9710
1,1000338
0,1000485,0,4,9706
0,1000486,1,46,9711
0,1000487,0,36,9708
0,1000488,1,26,9716
1,1000287
0,1000489,0,40,9708
0,1000490,0,20,9705
0,1000491,1,7,9710
0,1000492,1,28,9713
0,1000493,1,46,9710
0,1000494,1,14,9706
1,1000036
0,1000495,0,25,9704
0,1000496,0,40,9702
0,1000497,0,45,9701
0,1000498,1,36,9702
1,1000378
0,1000499,1,30,9708
0,1000500,1,37,9705
0,1000501,0,21,9701
1,1000246
0,1000502,1,12,9707
0,1000503,1,3,9707
0,1000504,0,4,9697
1,1000444
0,1000505,0,10,9697
0,1000506,0,44,9697
0,1000507,0,43,9698
0,1000508,1,32,9701
0,1000509,1,12,9703
0,1000510,1,17,9706
0,1000511,0,42,9697
0,1000512,1,38,9705
0,1000513,1,5,9703
0,1000514,0,20,9694
0,1000515,0,41,9698
1,1000025
0,1000516,1,17,9702
0,1000517,0,10,9691
1,1000440
0,1000518,1,19,9699
1,1000114
0,1000519,1,15,9695
1,1000099
0,1000520,0,40,9690
0,1000521,0,27,9685
1,1000334
0,1000522,1,49,9690
1,1000333
0,1000523,0,48,9689
0,1000524,1,34,9697
0,1000525,1,47,9695
0,1000526,0,45,9694
0,1000527,0,37,9690
0,1000528,1,23,9698
0,1000529,1,4,9697
1,1000409
0,1000530,1,43,9699
0,1000531,0,41,9693
0,1000532,1,31,9702
0,1000533,1,3,9697
1,1000509
0,1000534,0,4,9691
0,1000535,0,45,9687
0,1000536,0,29,9690
1,1000425
0,1000537,1,47,9690
0,1000538,0,11,9682
0,1000539,1,31,9690
0,1000540,1,48,9692
0,1000541,0,22,9682
0,1000542,1,1,9690
1,1000278
1,1000473
1,1000384
0,1000543,0,39,9682
0,1000544,0,24,9682
0,1000545,1,23,9686
0,1000546,1,27,9687
0,1000547,1,12,9685
0,1000548,0,27,9677
0,1000549,1,30,9684
0,1000550,1,16,9682
0,1000551,1,9,9681
0,1000552,1,29,9682
1,1000241
0,1000553,0,19,9676
0,1000554,0,48,9675
0,1000555,1,23,9682
0,1000556,1,44,9680
0,1000557,1,40,9683
1,1000324
0,1000558,0,8,9675
0,1000559,0,21,9673
0,1000560,1,16,9679
0,1000561,1,21,9677
0,1000562,1,39,9675
1,1000197
1,1000349
1,1000536
0,1000563,1,7,9675
1,1000072
1,1000069
0,1000564,0,48,9671
0,1000565,0,34,9672
0,1000566,1,21,9678
0,1000567,1,18,9674
0,1000568,0,36,9672
1,1000358
0,1000569,0,22,9671
0,1000570,0,26,9672
0,1000571,1,44,9675
1,1000177
0,1000572,1,6,9676
0,1000573,1,8,9674
0,1000574,1,45,9672
0,1000575,0,17,9671
0,1000576,0,48,9669
0,1000577,0,20,9666
0,1000578,1,24,9674
1,1000286
1,1000150
0,1000579,0,29,9665
0,1000580,1,5,9667
0,1000581,0,2,9662
1,1000265
1,1000398
0,1000582,1,33,9660
0,1000583,1,31,9660
1,1000438
0,1000584,1,33,9660
0,1000585,0,6,9653
1,1000289
0,1000586,1,46,9656
0,1000587,1,32,9659
0,1000588,0,16,9651
0,1000589,1,24,9654
0,1000590,0,6,9653
0,1000591,1,8,9655
1,1000158
1,1000376
0,1000592,0,1,9647
0,1000593,1,38,9654
0,1000594,1,40,9651
0,1000595,0,33,9647
0,1000596,0,21,9648
0,1000597,0,8,9643
0,1000598,0,6,9647
0,1000599,0,41,9644
0,1000600,0,5,9643
1,1000461
0,1000601,0,49,9645
0,1000602,0,19,9642
0,1000603,0,43,9645
1,1000244
0,1000604,1,44,9650
1,1000126
0,1000605,0,18,9641
0,1000606,0,27,9638
0,1000607,0,36,9638
0,1000608,0,1,9638
0,1000609,0,18,9638
0,1000610,1,42,9639
1,1000422
0,1000611,0,30,9636
0,1000612,1,46,9642
1,1000472
0,1000613,1,28,9639
0,1000614,1,50,9639
0,1000615,0,50,9633
1,1000203
0,1000616,1,27,9638
0,1000617,0,43,9634
0,1000618,1,7,9637
0,1000619,0,21,9630
0,1000620,1,47,9636
0,1000621,1,28,9637
0,1000622,1,28,9635
0,1000623,1,25,9635
0,1000624,0,11,9630
0,1000625,0,4,9629
1,1000462
0,1000626,1,20,9634
0,1000627,1,33,9635
0,1000628,0,14,9628
0,1000629,1,46,9633
1,1000549
1,1000263
0,1000630,1,44,9633
0,1000631,0,11,9623
1,1000403
1,1000493
1,1000554
0,1000632,0,16,9622
1,1000574
1,1000401
0,1000633,0,37,9624
1,1000299
0,1000634,0,28,9621
1,1000325
0,1000635,1,5,9626
0,1000636,0,48,9624
0,1000637,0,26,9619
0,1000638,0,28,9621
1,1000283
0,1000639,1,7,9627
0,1000640,0,33,9622
0,1000641,1,31,9625
0,1000642,1,49,9625
1,1000426
1,1000300
1,1000223
1,1000353
0,1000643,0,21,9619
0,1000644,1,23,9624
0,1000645,0,7,9614
0,1000646,0,43,9619
0,1000647,0,50,9617
0,1000648,0,22,9619
0,1000649,1,27,9625
0,1000650,1,22,9620
1,1000221
0,1000651,0,26,9617
0,1000652,0,46,9614
0,1000653,0,37,9613
0,1000654,0,27,9614
1,1000145
0,1000655,0,11,9618
0,1000656,0,18,9618
0,1000657,0,38,9614
0,1000658,1,16,9621
0,1000659,0,22,9615
0,1000660,0,14,9619
0,1000661,0,42,9613
0,1000662,1,25,9623
0,1000663,1,3,9626
0,1000664,1,38,9623
0,1000665,1,40,9619
1,1000331
0,1000666,0,47,9620
0,1000667,1,42,9621
1,1000648
0,1000668,0,37,9619
0,1000669,1,48,9620
0,1000670,0,18,9616
1,1000586
0,1000671,1,27,9623
0,1000672,0,17,9615
0,1000673,0,37,9614
0,1000674,0,5,9615
0,1000675,1,31,9618
0,1000676,1,13,9618
0,1000677,1,45,9619
0,1000678,1,10,9617
0,1000679,1,3,9615
1,1000232
0,1000680,1,41,9610
0,1000681,0,22,9606
0,1000682,1,39,9609
0,1000683,0,40,9604
0,1000684,0,36,9603
1,1000682
0,1000685,1,2,9609
0,1000686,0,14,9600
0,1000687,0,46,9599
1,1000523
0,1000688,1,30,9604
0,1000689,0,47,9599
0,1000690,0,25,9599
0,1000691,0,12,9596
0,1000692,0,2,9592
0,1000693,1,43,9602
0,1000694,1,44,9602
0,1000695,1,37,9601
0,1000696,0,3,9595
0,1000697,1,6,9597
0,1000698,1,26,9599
0,1000699,1,18,9598
0,1000700,1,7,9594
1,1000149
1,1000672
0,1000701,0,2,9588
0,1000702,1,39,9594
1,1000557
0,1000703,1,27,9590
0,1000704,1,38,9588
0,1000705,1,35,9590
1,1000513
1,1000566
1,1000610
0,1000706,0,8,9583
0,1000707,0,47,9584
0,1000708,1,50,9586
1,1000274
0,1000709,1,13,9583
0,1000710,1,12,9586
0,1000711,0,41,9579
0,1000712,0,34,9580
0,1000713,0,23,9580
1,1000173
0,1000714,1,34,9584
0,1000715,1,50,9586
1,1000323
0,1000716,1,6,9581
0,1000717,1,41,9583
0,1000718,1,8,9582
0,1000719,1,23,9578
0,1000720,0,36,9572
0,1000721,1,25,9582
0,1000722,0,45,9578
1,1000556
0,1000723,0,1,9577
0,1000724,0,31,9578
1,1000542
0,1000725,0,17,9580
0,1000726,0,44,9580
0,1000727,0,10,9579
0,1000728,1,23,9583
1,1000492
1,1000456
0,1000729,1,8,9582
1,1000475
0,1000730,0,25,9579
1,1000117
0,1000731,0,24,9574
0,1000732,0,8,9574
1,1000375
0,1000733,0,12,9576
0,1000734,1,50,9580
1,1000134
1,1000718
0,1000735,0,13,9571
0,1000736,1,50,9572
0,1000737,1,47,9573
0,1000738,1,2,9573
0,1000739,1,17,9574
0,1000740,1,39,9579
1,1000634
0,1000741,1,27,9577
0,1000742,1,50,9575
0,1000743,0,45,9573
0,1000744,0,45,9573
1,1000430
0,1000745,1,10,9581
0,1000746,0,29,9573
0,1000747,0,39,9575
1,1000314
0,1000748,1,32,9579
1,1000530
0,1000749,1,5,9581
1,1000746
1,1000546
0,1000750,1,47,9585
0,1000751,1,30,9583
0,1000752,0,37,9582
0,1000753,0,11,9582
0,1000754,0,44,9578
0,1000755,0,36,9576
0,1000756,0,1,9580
0,1000757,1,20,9583
0,1000758,1,25,9585
0,1000759,0,28,9577
1,1000321
1,1000725
1,1000368
0,1000760,0,39,9581
1,1000543
0,1000761,1,30,9584
1,1000495
0,1000762,1,18,9587
1,1000611
0,1000763,0,17,9579
0,1000764,1,36,9585
0,1000765,0,34,9583
1,1000330
1,1000276
0,1000766,1,26,9582
1,1000646
0,1000767,0,49,9577
0,1000768,1,3,9583
0,1000769,0,24,9581
0,1000770,0,42,9579
0,1000771,1,15,9583
0,1000772,0,47,9575
0,1000773,0,32,9574
1,1000729
0,1000774,0,38,9574
0,1000775,0,39,9571
1,1000627
0,1000776,1,5,9578
0,1000777,0,44,9571
1,1000754
0,1000778,1,38,9574
1,1000703
0,1000779,1,30,9574
0,1000780,1,6,9574
1,1000447
1,1000719
1,1000103
0,1000781,1,42,9572
1,1000071
0,1000782,1,46,9567
0,1000783,0,45,9563
0,1000784,1,20,9569
0,1000785,0,48,9559
1,1000417
0,1000786,0,42,9559
1,1000273
0,1000787,0,32,9559
0,1000788,1,48,9562
0,1000789,1,18,9562
0,1000790,1,18,9561
0,1000791,1,17,9561
0,1000792,1,1,9560
0,1000793,1,46,9560
0,1000794,0,31,9555
0,1000795,1,17,9557
0,1000796,1,29,9557
1,1000576
0,1000797,1,39,9557
0,1000798,0,47,9556
1,1000248
0,1000799,0,23,9558
0,1000800,0,1,9556
0,1000801,1,9,9560
0,1000802,1,6,9560
0,1000803,1,42,9556
0,1000804,0,2,9554
0,1000805,0,3,9551
1,1000111
1,1000770
0,1000806,1,50,9554
0,1000807,1,14,9555
0,1000808,1,38,9555
1,1000689
0,1000809,1,26,9554
0,1000810,1,2,9554
1,1000311
1,1000078
0,1000811,0,16,9551
0,1000812,0,10,9548
0,1000813,1,21,9550
0,1000814,0,33,9547
0,1000815,0,38,9546
0,1000816,0,25,9547
0,1000817,1,23,9551
1,1000748
0,1000818,1,49,9553
0,1000819,0,9,9547
0,1000820,0,28,9544
0,1000821,1,16,9546
1,1000181
0,1000822,0,35,9540
1,1000723
0,1000823,0,49,9543
0,1000824,0,8,9543
1,1000345
1,1000484
1,1000793
0,1000825,1,3,9544
0,1000826,1,25,9542
0,1000827,1,5,9539
0,1000828,1,43,9539
0,1000829,1,8,9540
0,1000830,1,32,9537
1,1000520
0,1000831,0,22,9529
0,1000832,1,44,9535
0,1000833,1,24,9536
1,1000294
0,1000834,1,6,9535
1,1000393
1,1000214
1,1000741
1,1000704
0,1000835,0,31,9522
0,1000836,1,40,9528
0,1000837,1,14,9528
0,1000838,0,31,9526
0,1000839,1,13,9530
0,1000840,1,25,9527
0,1000841,0,29,9522
1,1000774
0,1000842,0,8,9521
0,1000843,1,18,9526
0,1000844,0,16,9519
1,1000442
0,1000845,1,20,9523
1,1000233
0,1000846,1,9,9521
1,1000701
0,1000847,0,27,9513
0,1000848,0,47,9516
1,1000651
0,1000849,1,39,9518
1,1000697
0,1000850,1,23,9515
1,1000437
0,1000851,0,39,9507
0,1000852,1,35,9510
1,1000479
0,1000853,0,21,9508
1,1000553
0,1000854,1,11,9512
0,1000855,1,2,9513
0,1000856,1,43,9510
1,1000853
0,1000857,0,32,9505
0,1000858,1,30,9510
0,1000859,1,33,9509
1,1000802
0,1000860,0,27,9504
0,1000861,0,47,9503
1,1000861
0,1000862,1,31,9504
0,1000863,0,23,9500
0,1000864,1,15,9503
0,1000865,1,15,9503
0,1000866,1,31,9499
0,1000867,0,28,9495
0,1000868,0,28,9495
0,1000869,1,2,9497
0,1000870,1,22,9497
0,1000871,1,5,9495
0,1000872,0,22,9493
1,1000015
0,1000873,1,26,9498
0,1000874,0,16,9492
0,1000875,1,28,9496
0,1000876,1,42,9497
0,1000877,0,26,9490
0,1000878,1,38,9495
0,1000879,1,21,9492
1,1000728
0,1000880,0,16,9486
1,1000414
0,1000881,0,37,9483
1,1000602
0,1000882,1,49,9485
0,1000883,1,2,9490
1,1000679
1,1000389
0,1000884,1,4,9485
0,1000885,1,9,9485
1,1000097
0,1000886,1,37,9486
1,1000443
0,1000887,0,26,9477
0,1000888,0,38,9478
0,1000889,0,35,9478
0,1000890,1,15,9481
1,1000778
1,1000626
0,1000891,0,47,9478
0,1000892,0,43,9479
0,1000893,1,10,9482
0,1000894,1,48,9484
0,1000895,0,28,9477
1,1000805
1,1000772
1,1000760
0,1000896,0,26,9477
0,1000897,0,18,9479
0,1000898,0,41,9479
1,1000050
0,1000899,0,39,9475
0,1000900,1,21,9478
0,1000901,1,3,9478
0,1000902,1,12,9476
0,1000903,1,23,9478
0,1000904,0,39,9475
0,1000905,0,30,9472
0,1000906,0,3,9469
0,1000907,0,36,9470
0,1000908,0,17,9469
1,1000051
0,1000909,0,16,9472
1,1000575
0,1000910,1,5,9477
0,1000911,0,24,9468
0,1000912,0,33,9470
0,1000913,0,23,9467
0,1000914,1,6,9473
0,1000915,1,37,9470
0,1000916,1,27,9470
1,1000609
1,1000460
0,1000917,1,35,9471
1,1000428
1,1000582
0,1000918,0,10,9465
0,1000919,1,22,9471
0,1000920,0,28,9464
0,1000921,1,35,9472
0,1000922,1,9,9467
1,1000524
0,1000923,1,40,9470
0,1000924,0,27,9461
0,1000925,1,24,9467
0,1000926,0,13,9465
0,1000927,0,39,9463
0,1000928,1,16,9467
0,1000929,0,20,9459
0,1000930,1,18,9463
0,1000931,0,37,9457
0,1000932,0,16,9459
1,1000386
1,1000446
0,1000933,0,1,9455
1,1000269
1,1000194
1,1000888
0,1000934,1,19,9457
0,1000935,0,16,9453
0,1000936,1,4,9455
1,1000603
0,1000937,1,22,9456
0,1000938,1,34,9452
1,1000555
0,1000939,0,7,9450
0,1000940,0,22,9448
0,1000941,1,40,9453
0,1000942,1,5,9453
0,1000943,1,32,9454
0,1000944,0,19,9450
0,1000945,0,3,9449
0,1000946,1,45,9451
0,1000947,0,6,9450
1,1000745
0,1000948,0,32,9449
0,1000949,1,42,9458
0,1000950,0,38,9450
0,1000951,0,5,9455
1,1000515
0,1000952,1,16,9457
0,1000953,1,36,9451
0,1000954,1,24,9453
0,1000955,0,35,9446
0,1000956,1,48,9450
1,1000090
0,1000957,1,45,9445
0,1000958,1,16,9446
1,1000868
0,1000959,0,45,9436
0,1000960,0,7,9436
0,1000961,1,35,9439
1,1000599
0,1000962,1,26,9438
0,1000963,1,10,9438
0,1000964,0,36,9432
0,1000965,1,35,9436
0,1000966,1,40,9437
1,1000551
1,1000340
0,1000967,0,17,9430
0,1000968,1,35,9436
1,1000696
0,1000969,1,17,9428
0,1000970,1,29,9431
1,1000597
0,1000971,1,15,9431
0,1000972,0,16,9424
0,1000973,0,21,9423
0,1000974,1,14,9427
0,1000975,0,3,9422
0,1000976,1,27,9424
0,1000977,1,2,9422
0,1000978,0,33,9420
0,1000979,1,24,9421
1,1000584
0,1000980,1,10,9423
0,1000981,0,23,9415
0,1000982,0,10,9417
1,1000567
0,1000983,0,49,9414
0,1000984,0,33,9412
0,1000985,1,45,9414
0,1000986,1,17,9414
1,1000860
1,1000692
0,1000987,1,24,9409
0,1000988,0,7,9408
0,1000989,1,35,9410
0,1000990,1,26,9410
1,1000383
0,1000991,1,21,9411
0,1000992,0,31,9402
0,1000993,0,30,9401
0,1000994,1,27,9407
0,1000995,0,50,9405
1,1000790
0,1000996,0,4,9399
0,1000997,0,35,9400
0,1000998,0,19,9400
0,1000999,1,4,9402
0,1001000,1,45,9405
0,1001001,1,5,9401
0,1001002,1,28,9404
0,1001003,0,44,9394
0,1001004,1,44,9402
0,1001005,1,4,9400
0,1001006,1,20,9401
0,1001007,1,16,9398
0,1001008,1,36,9401
0,1001009,0,23,9391
0,1001010,1,28,9395
0,1001011,0,3,9388
1,1000867
0,1001012,1,20,9392
0,1001013,1,43,9389
0,1001014,0,42,9382
0,1001015,1,38,9387
0,1001016,1,8,9384
0,1001017,0,16,9376
0,1001018,0,46,9381
0,1001019,0,8,9380
0,1001020,1,29,9382
0,1001021,0,29,9378
0,1001022,1,15,9381
0,1001023,1,43,9380
0,1001024,1,21,9381
0,1001025,1,43,9381
0,1001026,1,12,9378
1,1000661
0,1001027,0,12,9373
0,1001028,1,12,9377
0,1001029,0,35,9369
0,1001030,0,3,9369
0,1001031,1,17,9377
0,1001032,0,20,9367
0,1001033,1,45,9370
0,1001034,0,16,9369
0,1001035,1,14,9375
0,1001036,1,14,9374
1,1000605
0,1001037,0,28,9371
0,1001038,0,7,9371
0,1001039,1,34,9373
1,1000676
0,1001040,1,47,9373
0,1001041,0,45,9369
0,1001042,1,42,9370
0,1001043,1,49,9373
0,1001044,0,26,9368
0,1001045,1,26,9370
0,1001046,1,45,9369
0,1001047,1,33,9372
0,1001048,0,37,9366
1,1000659
1,1000909
0,1001049,1,15,9365
1,1000857
1,1000207
0,1001050,0,31,9357
1,1000564
0,1001051,0,35,9358
0,1001052,1,1,9360
1,1000615
0,1001053,1,19,9359
0,1001054,1,26,9361
0,1001055,1,35,9361
0,1001056,0,42,9354
0,1001057,0,20,9351
0,1001058,0,2,9353
0,1001059,0,48,9354
0,1001060,1,48,9360
0,1001061,1,37,9355
0,1001062,1,22,9356
0,1001063,1,4,9360
1,1000480
0,1001064,1,43,9359
0,1001065,0,11,9351
1,1001030
0,1001066,1,44,9360
0,1001067,0,49,9354
0,1001068,0,3,9350
1,1000488
0,1001069,0,43,9348
0,1001070,1,15,9357
1,1001015
0,1001071,0,31,9350
0,1001072,0,50,9350
0,1001073,1,15,9352
0,1001074,0,14,9345
0,1001075,0,28,9349
0,1001076,1,8,9355
0,1001077,0,12,9351
0,1001078,0,22,9350
0,1001079,0,14,9348
0,1001080,0,39,9351
1,1000109
0,1001081,1,42,9355
0,1001082,0,48,9351
0,1001083,1,45,9352
0,1001084,0,25,9349
0,1001085,1,10,9351
0,1001086,0,47,9345
0,1001087,1,9,9351
1,1000373
0,1001088,1,11,9347
1,1000721
0,1001089,0,30,9337
0,1001090,0,26,9341
0,1001091,1,4,9342
0,1001092,0,38,9340
0,1001093,1,47,9345
1,1000809
0,1001094,1,10,9338
0,1001095,1,19,9340
0,1001096,1,23,9340
1,1000977
0,1001097,1,44,9338
0,1001098,1,36,9339
0,1001099,0,45,9339
0,1001100,0,36,9337
0,1001101,1,31,9339
0,1001102,1,38,9338
0,1001103,0,50,9336
0,1001104,1,1,9336
0,1001105,1,8,9335
1,1000537
0,1001106,1,25,9337
0,1001107,0,17,9331
0,1001108,1,14,9336
0,1001109,0,33,9335
0,1001110,0,8,9336
1,1000926
1,1000695
0,1001111,1,31,9342
0,1001112,0,43,9335
0,1001113,1,14,9338
1,1000448
1,1000886
0,1001114,0,20,9331
0,1001115,1,37,9336
0,1001116,0,32,9330
0,1001117,1,18,9334
0,1001118,0,26,9326
0,1001119,1,47,9329
1,1000316
0,1001120,1,49,9325
1,1000478
0,1001121,1,3,9322
0,1001122,1,41,9320
0,1001123,1,4,9318
0,1001124,1,34,9318
0,1001125,1,34,9318
0,1001126,0,36,9309
0,1001127,1,15,9317
1,1001092
0,1001128,1,20,9315
0,1001129,1,16,9311
0,1001130,1,37,9311
1,1000164
1,1000288
0,1001131,1,4,9306
0,1001132,1,43,9306
0,1001133,0,29,9301
1,1000408
0,1001134,0,16,9299
0,1001135,0,13,9295
0,1001136,1,31,9299
0,1001137,1,30,9301
1,1000715
0,1001138,0,38,9291
0,1001139,1,17,9298
1,1001104
0,1001140,1,37,9291
0,1001141,0,40,9290
0,1001142,1,25,9292
1,1000183
0,1001143,0,44,9285
0,1001144,0,24,9288
0,1001145,1,19,9288
0,1001146,1,45,9286
0,1001147,1,14,9287
0,1001148,0,32,9284
0,1001149,1,37,9285
1,1000652
1,1000917
1,1000242
1,1000675
0,1001150,1,33,9284
0,1001151,1,25,9285
0,1001152,1,8,9287
0,1001153,0,20,9283
0,1001154,0,3,9278
1,1000118
0,1001155,1,5,9287
0,1001156,0,33,9276
1,1000499
0,1001157,0,36,9276
0,1001158,0,38,9274
0,1001159,0,26,9268
0,1001160,0,5,9271
0,1001161,1,19,9274
1,1000328
0,1001162,0,41,9265
0,1001163,0,49,9265
0,1001164,1,27,9269
0,1001165,1,2,9270
0,1001166,0,21,9259
0,1001167,0,1,9263
0,1001168,1,48,9265
0,1001169,1,50,9262
0,1001170,1,4,9263
0,1001171,1,25,9262
0,1001172,0,42,9256
0,1001173,0,18,9256
0,1001174,1,36,9262
0,1001175,0,18,9257
0,1001176,1,14,9264
1,1000077
0,1001177,1,38,9262
0,1001178,1,19,9262
0,1001179,0,6,9253
0,1001180,1,23,9264
0,1001181,1,5,9261
0,1001182,0,43,9257
0,1001183,0,28,9255
0,1001184,1,46,9261
1,1000179
0,1001185,1,45,9266
1,1000649
0,1001186,0,25,9258
0,1001187,1,48,9261
1,1001060
0,1001188,1,30,9264
0,1001189,1,8,9260
0,1001190,1,31,9261
1,1000794
0,1001191,1,25,9256
0,1001192,1,12,9261
0,1001193,0,9,9251
1,1000749
1,1001162
0,1001194,0,20,9250
0,1001195,0,26,9253
0,1001196,0,26,9252
0,1001197,1,22,9259
0,1001198,1,46,9257
0,1001199,0,34,9254
1,1000357
1,1001177
1,1000490
1,1001098
0,1001200,0,15,9247
1,1000699
0,1001201,0,17,9245
0,1001202,1,12,9249
1,1000296
0,1001203,0,44,9239
0,1001204,1,9,9246
0,1001205,0,23,9241
0,1001206,0,1,9238
0,1001207,1,13,9241
1,1000639
0,1001208,0,38,9235
1,1001175
1,1000985
0,1001209,0,45,9237
1,1000174
1,1000644
1,1000593
0,1001210,1,13,9239
0,1001211,1,6,9238
1,1001079
1,1000359
0,1001212,0,22,9235
0,1001213,1,2,9235
0,1001214,0,37,9231
0,1001215,0,45,9230
0,1001216,0,3,9228
0,1001217,1,41,9232
0,1001218,0,12,9226
0,1001219,1,3,9229
0,1001220,0,42,9228
0,1001221,1,17,9229
1,1000897
1,1001031
0,1001222,1,26,9224
0,1001223,0,15,9220
0,1001224,1,37,9224
0,1001225,1,39,9222
0,1001226,0,42,9220
1,1000063
0,1001227,0,47,9223
1,1000947
0,1001228,0,46,9216
0,1001229,0,30,9219
0,1001230,0,37,9220
0,1001231,1,37,9226
0,1001232,0,43,9218
0,1001233,0,13,9216
0,1001234,1,43,9221
0,1001235,1,44,9222
1,1000196
0,1001236,0,30,9211
0,1001237,1,9,9215
0,1001238,1,7,9218
0,1001239,0,47,9212
0,1001240,0,19,9211
1,1000130
0,1001241,0,44,9204
0,1001242,1,27,9212
0,1001243,1,5,9206
0,1001244,1,28,9204
0,1001245,0,3,9200
1,1000595
0,1001246,1,19,9202
1,1000755
1,1000678
0,1001247,1,36,9200
0,1001248,1,26,9198
0,1001249,0,41,9193
0,1001250,1,45,9202
0,1001251,0,7,9197
0,1001252,0,49,9195
0,1001253,1,39,9197
0,1001254,0,27,9190
1,1000139
1,1001212
0,1001255,0,50,9191
0,1001256,1,39,9200
0,1001257,0,36,9193
1,1001073
0,1001258,0,40,9193
0,1001259,0,43,9191
0,1001260,0,21,9192
0,1001261,1,7,9195
0,1001262,0,48,9188
1,1000732
1,1000958
0,1001263,1,44,9192
1,1001120
1,1000144
1,1001248
1,1000762
0,1001264,1,4,9184
0,1001265,1,2,9185
0,1001266,1,31,9190
0,1001267,1,1,9186
0,1001268,1,7,9189
0,1001269,0,47,9183
0,1001270,0,24,9181
0,1001271,1,43,9184
0,1001272,0,27,9174
0,1001273,0,16,9174
0,1001274,1,1,9178
0,1001275,0,22,9171
0,1001276,0,21,9176
1,1000262
0,1001277,0,8,9171
0,1001278,1,7,9178
0,1001279,1,11,9175
0,1001280,0,28,9172
0,1001281,0,32,9166
0,1001282,0,12,9171
0,1001283,1,2,9175
1,1000982
0,1001284,0,7,9166
0,1001285,0,27,9167
0,1001286,0,32,9166
0,1001287,1,46,9171
0,1001288,0,15,9166
1,1000905
0,1001289,1,14,9168
0,1001290,1,23,9168
0,1001291,0,38,9166
1,1001281
0,1001292,1,29,9170
0,1001293,0,14,9163
0,1001294,0,46,9165
1,1000891
0,1001295,1,18,9169
0,1001296,1,34,9169
0,1001297,1,5,9165
0,1001298,0,44,9163
0,1001299,1,29,9170
0,1001300,1,26,9166
0,1001301,0,46,9160
0,1001302,0,5,9154
0,1001303,1,46,9164
0,1001304,0,29,9157
0,1001305,1,50,9161
0,1001306,0,32,9153
0,1001307,1,3,9153
0,1001308,1,5,9156
0,1001309,1,32,9153
0,1001310,1,36,9151
0,1001311,0,23,9144
0,1001312,0,45,9144
0,1001313,0,32,9142
0,1001314,0,24,9141
0,1001315,1,17,9147
0,1001316,1,38,9151
0,1001317,1,19,9148
0,1001318,1,42,9150
1,1000906
0,1001319,0,37,9147
1,1000332
0,1001320,0,29,9144
0,1001321,0,1,9140
0,1001322,0,5,9138
1,1000486
0,1001323,0,17,9137
0,1001324,0,19,9139
0,1001325,1,5,9141
1,1001011
0,1001326,1,27,9142
0,1001327,1,42,9142
0,1001328,0,25,9136
0,1001329,1,37,9142
0,1001330,1,7,9140
0,1001331,0,20,9137
1,1000852
0,1001332,1,30,9140
0,1001333,1,42,9135
0,1001334,1,20,9135
0,1001335,1,47,9138
1,1000010
0,1001336,0,39,9133
0,1001337,1,14,9137
0,1001338,1,42,9134
0,1001339,1,23,9137
0,1001340,1,3,9134
1,1001216
0,1001341,0,38,9128
0,1001342,1,24,9136
1,1001242
0,1001343,1,29,9133
0,1001344,1,47,9133
0,1001345,1,30,9129
0,1001346,0,23,9122
0,1001347,0,43,9120
0,1001348,0,44,9122
1,1000880
0,1001349,0,42,9121
0,1001350,1,30,9129
1,1001163
1,1000355
0,1001351,1,38,9124
0,1001352,0,17,9119
0,1001353,0,9,9117
0,1001354,1,3,9120
0,1001355,1,10,9116
0,1001356,1,46,9118
0,1001357,0,2,9113
0,1001358,1,25,9114
0,1001359,0,5,9109
0,1001360,1,14,9117
1,1000775
0,1001361,0,31,9111
0,1001362,0,10,9111
0,1001363,0,1,9114
0,1001364,0,24,9115
0,1001365,1,42,9122
0,1001366,0,28,9117
0,1001367,0,18,9112
0,1001368,0,36,9114
1,1000343
0,1001369,0,20,9113
0,1001370,1,11,9115
1,1000683
0,1001371,0,13,9106
0,1001372,1,46,9111
0,1001373,1,42,9109
0,1001374,1,10,9107
0,1001375,1,31,9105
0,1001376,0,12,9101
0,1001377,0,48,9099
0,1001378,0,27,9099
0,1001379,1,24,9106
0,1001380,0,20,9101
1,1000528
1,1001295
0,1001381,1,25,9100
0,1001382,1,25,9103
1,1000825
0,1001383,1,38,9097
0,1001384,0,8,9091
1,1000116
0,1001385,1,3,9094
0,1001386,0,31,9088
0,1001387,0,40,9088
0,1001388,1,40,9095
1,1001270
0,1001389,0,40,9091
0,1001390,0,45,9092
1,1000873
1,1001367
1,1000656
1,1000979
0,1001391,1,24,9096
0,1001392,1,37,9097
0,1001393,0,32,9091
0,1001394,0,13,9091
0,1001395,1,8,9095
1,1000466
0,1001396,0,13,9093
1,1000992
0,1001397,1,43,9095
0,1001398,0,5,9092
0,1001399,0,49,9091
0,1001400,1,25,9097
1,1000341
0,1001401,0,22,9096
0,1001402,1,24,9097
0,1001403,0,40,9092
0,1001404,0,7,9091
0,1001405,0,6,9088
1,1001176
0,1001406,1,48,9097
0,1001407,1,30,9093
0,1001408,1,43,9095
0,1001409,1,6,9092
0,1001410,1,36,9091
0,1001411,0,48,9088
0,1001412,0,19,9087
0,1001413,0,9,9089
1,1001312
1,1000535
0,1001414,0,31,9092
0,1001415,0,20,9092
1,1001337
0,1001416,0,16,9088
0,1001417,0,9,9085
0,1001418,0,10,9087
1,1001375
0,1001419,0,13,9086
0,1001420,0,44,9085
0,1001421,1,26,9088
0,1001422,0,7,9084
0,1001423,1,27,9093
1,1001279
0,1001424,1,34,9091
0,1001425,0,44,9085
1,1000931
1,1001338
0,1001426,1,9,9091
0,1001427,1,28,9092
0,1001428,0,12,9084
1,1001097
0,1001429,1,49,9091
0,1001430,1,50,9089
1,1000591
0,1001431,1,33,9090
0,1001432,0,44,9082
0,1001433,1,38,9084
0,1001434,1,47,9083
0,1001435,1,13,9081
0,1001436,0,6,9073
1,1001384
1,1000885
1,1001390
0,1001437,0,35,9074
0,1001438,1,36,9075
0,1001439,1,16,9073
1,1001221
0,1001440,0,35,9070
0,1001441,1,23,9073
0,1001442,0,12,9070
0,1001443,0,31,9071
1,1001329
1,1000184
0,1001444,1,26,9079
0,1001445,0,29,9071
0,1001446,1,44,9077
1,1001330
0,1001447,1,2,9080
0,1001448,0,17,9076
0,1001449,0,25,9075
1,1001148
0,1001450,1,47,9082
1,1001335
0,1001451,1,4,9078
0,1001452,1,2,9078
0,1001453,0,30,9071
0,1001454,1,25,9081
0,1001455,1,3,9079
0,1001456,0,4,9075
0,1001457,1,34,9079
1,1000855
0,1001458,0,35,9074
0,1001459,1,21,9077
0,1001460,0,18,9071
1,1000106
0,1001461,1,41,9075
0,1001462,1,6,9077
0,1001463,0,20,9069
0,1001464,0,29,9070
1,1000945
0,1001465,0,29,9066
0,1001466,0,48,9070
0,1001467,0,16,9067
0,1001468,0,42,9063
0,1001469,1,37,9067
0,1001470,0,6,9062
0,1001471,1,41,9067
0,1001472,0,33,9062
0,1001473,0,17,9062
0,1001474,1,15,9069
0,1001475,0,35,9062
0,1001476,0,9,9063
0,1001477,1,4,9067
0,1001478,0,40,9063
1,1001017
0,1001479,0,33,9059
0,1001480,1,42,9062
0,1001481,0,47,9060
0,1001482,0,38,9059
0,1001483,1,24,9060
0,1001484,0,11,9056
0,1001485,1,9,9059
0,1001486,0,49,9056
0,1001487,1,48,9058
0,1001488,1,41,9061
0,1001489,0,48,9052
0,1001490,1,26,9056
0,1001491,1,31,9055
1,1000579
0,1001492,0,16,9049
0,1001493,0,3,9049
0,1001494,0,10,9048
0,1001495,0,48,9048
0,1001496,1,14,9054
0,1001497,1,46,9054
0,1001498,0,16,9049
1,1000806
1,1001336
0,1001499,0,40,9046
0,1001500,0,32,9045
0,1001501,1,30,9050
1,1000453
0,1001502,0,19,9044
0,1001503,0,45,9045
1,1001500
0,1001504,0,26,9044
0,1001505,1,5,9045
1,1001251
0,1001506,1,5,9044
0,1001507,1,30,9045
0,1001508,1,22,9040
0,1001509,0,21,9037
0,1001510,0,19,9034
0,1001511,1,2,9037
0,1001512,0,14,9034
0,1001513,1,48,9042
0,1001514,1,27,9036
0,1001515,1,24,9038
1,1001477
0,1001516,1,18,9038
0,1001517,1,27,9039
0,1001518,1,13,9039
0,1001519,0,27,9037
0,1001520,0,29,9034
0,1001521,1,24,9039
0,1001522,0,50,9031
1,1001179
0,1001523,1,15,9036
0,1001524,1,30,9034
0,1001525,0,39,9033
0,1001526,0,38,9028
0,1001527,0,8,9030
1,1001008
0,1001528,1,41,9031
1,1000973
0,1001529,1,5,9029
0,1001530,0,29,9025
1,1001428
1,1001018
0,1001531,0,11,9020
0,1001532,1,30,9025
0,1001533,0,18,9023
0,1001534,1,20,9024
0,1001535,1,41,9023
0,1001536,1,16,9025
1,1001213
1,1001291
0,1001537,1,47,9020
0,1001538,0,34,9013
0,1001539,1,2,9015
0,1001540,0,35,9007
0,1001541,1,28,9013
0,1001542,0,43,9005
0,1001543,0,7,9007
0,1001544,0,21,9010
0,1001545,0,20,9010
0,1001546,1,15,9016
0,1001547,1,14,9011
0,1001548,0,25,9010
0,1001549,1,18,9015
0,1001550,1,42,9011
0,1001551,1,3,9013
0,1001552,0,49,9006
0,1001553,1,48,9014
1,1001014
0,1001554,1,3,9010
0,1001555,0,42,9006
0,1001556,0,45,9007
0,1001557,1,33,9010
0,1001558,1,16,9009
1,1000391
0,1001559,1,34,9011
0,1001560,1,10,9010
0,1001561,1,37,9008
1,1000415
1,1000680
0,1001562,1,37,9008
0,1001563,1,10,9009
0,1001564,0,36,9001
0,1001565,0,7,9000
1,1001053
1,1001439
0,1001566,0,41,9000
0,1001567,0,12,9001
0,1001568,0,2,9002
0,1001569,0,13,9003
0,1001570,0,38,8999
0,1001571,1,8,9006
0,1001572,1,15,9006
0,1001573,0,33,8997
0,1001574,0,10,9001
1,1001289
1,1001276
0,1001575,0,47,8994
1,1001122
1,1001532
0,1001576,1,8,9004
0,1001577,0,14,8995
1,1000847
0,1001578,1,50,9001
0,1001579,1,29,8998
1,1001320
1,1000160
0,1001580,0,23,8989
0,1001581,1,47,8997
0,1001582,1,20,8999
0,1001583,0,6,8991
0,1001584,1,20,8995
0,1001585,0,37,8989
0,1001586,0,46,8986
0,1001587,1,13,8987
0,1001588,0,43,8986
0,1001589,1,36,8988
1,1001101
0,1001590,0,28,8983
0,1001591,0,1,8981
0,1001592,1,6,8985
0,1001593,0,50,8981
0,1001594,1,50,8986
0,1001595,1,36,8985
1,1000416
1,1000421
0,1001596,1,31,8990
1,1001538
0,1001597,1,43,8983
1,1001585
0,1001598,1,33,8985
0,1001599,0,42,8976
0,1001600,0,9,8979
1,1001188
0,1001601,1,13,8985
0,1001602,0,14,8979
0,1001603,0,17,8976
0,1001604,1,25,8981
0,1001605,0,1,8976
1,1001305
0,1001606,1,7,8975
0,1001607,1,9,8979
0,1001608,1,30,8978
0,1001609,0,39,8977
0,1001610,1,7,8979
0,1001611,0,22,8976
0,1001612,1,45,8981
1,1000251
1,1000180
0,1001613,0,33,8971
0,1001614,0,44,8973
1,1000998
0,1001615,1,42,8973
0,1001616,0,13,8973
0,1001617,1,20,8973
0,1001618,1,22,8973
0,1001619,0,25,8969
1,1001043
0,1001620,0,14,8966
0,1001621,0,31,8967
0,1001622,1,11,8968
0,1001623,0,8,8966
0,1001624,0,14,8960
0,1001625,0,11,8959
0,1001626,0,34,8959
0,1001627,1,44,8968
0,1001628,1,45,8964
0,1001629,1,29,8967
0,1001630,1,49,8963
1,1000501
0,1001631,1,23,8967
1,1001211
0,1001632,1,31,8969
0,1001633,0,45,8960
0,1001634,0,14,8961
0,1001635,0,14,8959
0,1001636,1,26,8961
1,1000662
0,1001637,1,43,8959
1,1000452
0,1001638,1,36,8961
0,1001639,0,15,8955
0,1001640,0,8,8951
0,1001641,1,11,8959
0,1001642,1,37,8956
0,1001643,0,46,8952
0,1001644,1,4,8956
1,1000540
1,1000394
0,1001645,0,24,8948
1,1001033
0,1001646,0,36,8947
1,1001523
0,1001647,0,18,8944
0,1001648,0,38,8946
1,1001159
1,1001388
0,1001649,1,12,8948
0,1001650,1,6,8950
1,1001020
0,1001651,0,8,8941
0,1001652,0,26,8938
1,1000638
0,1001653,0,44,8939
0,1001654,1,40,8940
0,1001655,1,34,8938
0,1001656,0,21,8935
0,1001657,0,3,8936
1,1000908
1,1000961
1,1000219
0,1001658,0,50,8936
1,1000967
1,1001064
0,1001659,0,13,8934
0,1001660,1,33,8939
1,1000949
0,1001661,0,23,8935
1,1000142
0,1001662,0,40,8936
0,1001663,1,35,8941
0,1001664,1,10,8941
0,1001665,1,21,8938
0,1001666,1,4,8939
1,1001637
0,1001667,1,42,8938
0,1001668,1,20,8937
1,1000511
1,1000170
0,1001669,1,14,8935
1,1001189
0,1001670,1,21,8933
0,1001671,0,11,8928
1,1001233
1,1000606
1,1000752
0,1001672,1,18,8935
0,1001673,1,3,8937
0,1001674,0,14,8925
0,1001675,0,25,8928
0,1001676,1,13,8933
0,1001677,1,19,8927
0,1001678,0,15,8922
0,1001679,0,43,8922
0,1001680,0,41,8921
1,1000326
0,1001681,1,39,8925
1,1001659
0,1001682,1,4,8920
0,1001683,0,22,8918
0,1001684,1,16,8923
1,1001160
0,1001685,1,25,8921
0,1001686,1,1,8920
0,1001687,1,35,8916
0,1001688,1,32,8920
1,1001049
0,1001689,1,17,8920
0,1001690,0,30,8914
0,1001691,1,4,8915
1,1001544
1,1000832
1,1001442
0,1001692,1,6,8912
1,1001370
0,1001693,1,34,8911
0,1001694,1,37,8909
0,1001695,1,43,8907
0,1001696,0,47,8906
1,1000935
0,1001697,1,45,8906
0,1001698,1,50,8908
0,1001699,0,6,8903
1,1001682
1,1001634
1,1000272
0,1001700,1,22,8899
1,1000088
0,1001701,0,35,8892
0,1001702,0,8,8893
0,1001703,1,2,8898
0,1001704,1,44,8901
0,1001705,0,14,8896
0,1001706,0,33,8892
0,1001707,1,16,8898
1,1001608
1,1001161
0,1001708,0,3,8893
1,1000132
0,1001709,1,48,8900
0,1001710,0,37,8894
0,1001711,1,32,8896
0,1001712,0,36,8890
0,1001713,0,13,8895
1,1001520
1,1000932
0,1001714,0,46,8894
0,1001715,0,42,8892
0,1001716,1,26,8897
0,1001717,1,29,8896
0,1001718,1,8,8895
1,1000293
0,1001719,0,16,8887
0,1001720,1,22,8891
0,1001721,0,12,8887
1,1000684
0,1001722,1,26,8888
0,1001723,0,47,8886
1,1001461
0,1001724,1,39,8884
0,1001725,1,26,8887
0,1001726,0,20,8879
1,1001590
0,1001727,0,32,8879
1,1001594
0,1001728,1,33,8882
0,1001729,1,11,8881
0,1001730,1,49,8880
0,1001731,1,40,8879
0,1001732,1,42,8879
1,1001332
1,1000596
0,1001733,0,12,8870
0,1001734,1,35,8877
0,1001735,1,3,8882
0,1001736,1,13,8879
1,1000895
1,1000229
0,1001737,0,28,8873
0,1001738,0,19,8872
0,1001739,1,11,8876
1,1001643
0,1001740,0,22,8867
0,1001741,0,29,8866
0,1001742,1,47,8873
1,1001638
0,1001743,1,9,8868
0,1001744,1,40,8871
0,1001745,0,44,8867
0,1001746,1,22,8868
0,1001747,1,11,8868
1,1000445
1,1001277
0,1001748,1,18,8866
0,1001749,1,8,8867
0,1001750,1,13,8865
0,1001751,0,36,8860
0,1001752,1,38,8867
0,1001753,1,13,8866
0,1001754,0,32,8859
1,1001040
0,1001755,1,40,8865
0,1001756,0,46,8858
0,1001757,0,45,8857
0,1001758,0,24,8858
0,1001759,0,18,8854
0,1001760,0,45,8855
0,1001761,1,29,8858
0,1001762,0,4,8856
0,1001763,0,15,8855
0,1001764,0,22,8856
0,1001765,0,15,8854
0,1001766,0,3,8853
0,1001767,0,9,8852
0,1001768,0,22,8854
0,1001769,0,31,8851
1,1000038
0,1001770,1,36,8854
1,1000617
1,1001662
1,1000633
0,1001771,0,39,8847
0,1001772,1,30,8851
1,1000993
0,1001773,1,28,8850
0,1001774,0,40,8849
0,1001775,0,31,8845
0,1001776,0,30,8844
0,1001777,1,43,8849
1,1000950
1,1000664
0,1001778,0,1,8843
0,1001779,1,32,8845
0,1001780,0,33,8842
0,1001781,0,26,8842
0,1001782,0,28,8845
0,1001783,0,6,8843
0,1001784,1,12,8849
1,1000700
0,1001785,1,5,8847
0,1001786,0,36,8844
1,1001680
0,1001787,1,40,8845
0,1001788,1,9,8849
1,1001086
0,1001789,1,4,8845
0,1001790,1,34,8844
0,1001791,1,36,8848
0,1001792,1,6,8845
1,1000707
1,1000962
0,1001793,0,43,8838
0,1001794,1,40,8848
0,1001795,0,25,8839
1,1000250
0,1001796,0,11,8839
0,1001797,0,5,8841
0,1001798,1,36,8845
0,1001799,1,7,8841
0,1001800,0,8,8838
0,1001801,1,28,8841
0,1001802,1,45,8838
1,1001173
0,1001803,1,15,8837
1,1001293
0,1001804,0,40,8836
0,1001805,1,37,8840
1,1000763
0,1001806,0,40,8833
1,1000872
0,1001807,0,10,8830
0,1001808,1,4,8832
0,1001809,1,38,8834
0,1001810,1,31,8835
0,1001811,0,19,8826
0,1001812,1,5,8835
1,1001670
1,1000865
0,1001813,0,50,8821
1,1001351
0,1001814,1,6,8831
0,1001815,0,11,8825
0,1001816,1,32,8828
0,1001817,0,14,8826
0,1001818,1,47,8830
0,1001819,1,32,8831
0,1001820,1,17,8826
0,1001821,1,40,8828
1,1001419
0,1001822,1,46,8826
0,1001823,1,11,8823
0,1001824,0,23,8820
0,1001825,0,25,8819
0,1001826,1,29,8822
0,1001827,0,16,8819
1,1000820
0,1001828,0,12,8817
1,1000731
1,1001750
1,1000924
0,1001829,0,8,8815
0,1001830,1,44,8815
0,1001831,1,46,8818
1,1000506
0,1001832,0,31,8810
1,1001579
0,1001833,1,16,8815
0,1001834,0,42,8811
0,1001835,0,33,8808
1,1001203
1,1001202
0,1001836,0,34,8813
0,1001837,0,48,8812
0,1001838,0,43,8809
0,1001839,0,20,8812
0,1001840,1,6,8814
0,1001841,0,14,8807
0,1001842,0,43,8810
1,1000896
0,1001843,1,27,8814
0,1001844,1,35,8812
0,1001845,0,48,8808
0,1001846,1,26,8812
0,1001847,0,44,8807
0,1001848,1,32,8810
0,1001849,1,8,8810
0,1001850,0,7,8809
0,1001851,1,34,8815
0,1001852,0,23,8804
0,1001853,0,2,8805
0,1001854,1,28,8813
0,1001855,1,12,8810
1,1000395
0,1001856,0,44,8800
0,1001857,0,7,8804
1,1001208
1,1001746
0,1001858,1,24,8804
0,1001859,0,16,8800
0,1001860,1,25,8804
0,1001861,0,47,8802
0,1001862,1,28,8803
0,1001863,1,4,8800
0,1001864,0,32,8794
0,1001865,0,11,8797
0,1001866,1,39,8802
0,1001867,1,2,8804
0,1001868,0,1,8800
0,1001869,0,6,8801
0,1001870,0,19,8800
0,1001871,0,3,8801
0,1001872,1,20,8802
1,1001019
1,1001302
0,1001873,1,46,8805
0,1001874,0,18,8798
0,1001875,1,16,8803
0,1001876,1,34,8803
0,1001877,1,17,8803
0,1001878,1,45,8804
0,1001879,1,20,8800
0,1001880,0,16,8798
0,1001881,1,28,8805
1,1001441
0,1001882,1,38,8805
0,1001883,1,7,8799
1,1001777
0,1001884,1,31,8800
0,1001885,0,30,8798
1,1001062
0,1001886,1,25,8798
0,1001887,0,47,8794
0,1001888,1,26,8795
0,1001889,1,44,8797
1,1000797
0,1001890,0,36,8789
1,1000548
0,1001891,1,29,8789
0,1001892,1,12,8789
0,1001893,0,20,8785
0,1001894,1,17,8790
0,1001895,1,47,8787
0,1001896,1,11,8789
0,1001897,0,18,8785
0,1001898,1,47,8786
0,1001899,1,16,8787
0,1001900,0,1,8781
0,1001901,0,35,8778
1,1001800
1,1001032
0,1001902,1,29,8786
0,1001903,1,8,8782
1,1001530
1,1001575
0,1001904,1,20,8785
1,1001010
0,1001905,0,8,8779
0,1001906,0,48,8778
1,1001721
0,1001907,1,28,8782
0,1001908,0,43,8780
0,1001909,1,6,8782
0,1001910,1,34,8783
0,1001911,0,48,8776
0,1001912,1,20,8782
0,1001913,0,48,8777
1,1000366
0,1001914,0,27,8778
0,1001915,1,7,8778
0,1001916,1,34,8777
1,1000821
0,1001917,0,34,8773
0,1001918,1,18,8779
0,1001919,1,9,8775
0,1001920,1,23,8778
1,1001342
0,1001921,0,5,8770
0,1001922,1,25,8772
1,1000270
0,1001923,1,7,8774
1,1000890
0,1001924,1,8,8769
1,1001346
1,1001056
0,1001925,0,27,8761
0,1001926,0,1,8760
0,1001927,1,33,8768
0,1001928,0,33,8762
0,1001929,1,25,8765
0,1001930,0,35,8757
0,1001931,0,23,8759
0,1001932,1,10,8760
0,1001933,0,12,8752
0,1001934,0,38,8757
0,1001935,1,42,8758
0,1001936,1,32,8759
0,1001937,0,11,8751
0,1001938,0,20,8755
1,1000137
0,1001939,0,6,8754
0,1001940,0,15,8752
1,1001860
0,1001941,1,18,8757
1,1001076
0,1001942,0,31,8750
0,1001943,0,47,8751
0,1001944,1,7,8753
1,1000766
0,1001945,0,38,8749
1,1001663
0,1001946,1,19,8752
0,1001947,0,44,8746
1,1001834
0,1001948,1,50,8747
0,1001949,1,15,8747
0,1001950,1,23,8744
0,1001951,0,41,8741
0,1001952,1,42,8742
0,1001953,1,43,8745
0,1001954,0,33,8735
1,1000390
0,1001955,0,30,8735
1,1001453
1,1001855
0,1001956,0,11,8737
0,1001957,1,34,8746
0,1001958,1,41,8744
0,1001959,0,10,8738
1,1001094
0,1001960,0,11,8735
0,1001961,0,23,8737
0,1001962,1,3,8740
0,1001963,0,3,8732
1,1000200
0,1001964,1,32,8740
0,1001965,1,2,8737
0,1001966,0,3,8734
0,1001967,1,27,8738
0,1001968,0,30,8728
0,1001969,1,48,8737
1,1001474
0,1001970,1,20,8732
0,1001971,1,38,8737
1,1001490
0,1001972,0,19,8727
0,1001973,1,29,8733
0,1001974,0,26,8725
1,1001970
0,1001975,0,25,8728
0,1001976,0,26,8725
1,1001720
0,1001977,1,33,8730
0,1001978,1,40,8727
0,1001979,1,31,8727
1,1001690
1,1001910
0,1001980,1,30,8724
1,1001609
1,1001729
0,1001981,1,11,8724
0,1001982,1,15,8723
1,1001021
1,1001889
0,1001983,0,9,8712
1,1001114
1,1001002
1,1001547
0,1001984,1,37,8715
0,1001985,0,12,8713
0,1001986,1,25,8720
0,1001987,1,4,8717
0,1001988,0,23,8709
1,1000419
0,1001989,1,19,8713
0,1001990,1,46,8710
1,1001678
1,1001728
0,1001991,0,48,8704
1,1000362
0,1001992,0,41,8705
1,1001636
0,1001993,0,22,8700
0,1001994,0,14,8704
0,1001995,0,22,8701
0,1001996,0,49,8700
1,1001486
0,1001997,1,30,8703
0,1001998,1,49,8699
0,1001999,1,15,8701
0,1002000,0,49,8694
1,1001266
1,1001009
0,1002001,0,25,8688
1,1001556
0,1002002,1,8,8692
0,1002003,1,8,8696
0,1002004,1,9,8691
1,1000989
0,1002005,0,8,8684
0,1002006,0,27,8686
0,1002007,1,13,8687
1,1001583
1,1001955
0,1002008,1,31,8685
0,1002009,1,43,8685
1,1001540
1,1001666
0,1002010,0,38,8683
0,1002011,1,37,8687
0,1002012,0,49,8676
0,1002013,1,4,8683
0,1002014,0,43,8679
0,1002015,0,45,8676
0,1002016,1,46,8681
0,1002017,0,5,8675
0,1002018,0,1,8679
1,1001563
0,1002019,0,49,8680
0,1002020,0,13,8681
0,1002021,1,41,8686
1,1001286
0,1002022,0,16,8678
1,1000751
1,1001456
0,1002023,1,1,8680
0,1002024,1,26,8684
0,1002025,1,36,8684
0,1002026,0,9,8677
0,1002027,1,9,8680
0,1002028,0,5,8676
1,1001857
0,1002029,1,46,8676
0,1002030,1,45,8677
0,1002031,1,45,8677
0,1002032,1,7,8676
1,1000469
1,1001204
0,1002033,0,47,8671
0,1002034,0,13,8672
1,1000188
0,1002035,0,31,8669
0,1002036,0,49,8670
0,1002037,0,48,8670
1,1001022
0,1002038,0,31,8669
0,1002039,1,24,8678
0,1002040,1,38,8676
1,1001968
0,1002041,0,25,8672
0,1002042,1,8,8674
0,1002043,1,22,8676
1,1001752
0,1002044,0,19,8667
1,1001562
1,1000468
0,1002045,1,45,8670
0,1002046,1,17,8666
1,1001172
0,1002047,1,30,8666
1,1000565
1,1001668
0,1002048,0,20,8658
0,1002049,0,8,8657
0,1002050,0,31,8654
0,1002051,0,44,8655
1,1001484
0,1002052,0,40,8657
0,1002053,0,24,8656
0,1002054,1,10,8662
1,1001674
0,1002055,0,11,8658
0,1002056,0,44,8659
0,1002057,1,37,8662
0,1002058,0,16,8658
1,1002025
0,1002059,0,32,8656
0,1002060,1,45,8663
0,1002061,0,45,8657
0,1002062,0,36,8651
0,1002063,0,3,8651
0,1002064,0,12,8655
0,1002065,0,7,8656
1,1000972
0,1002066,1,35,8659
0,1002067,0,14,8653
0,1002068,0,20,8648
0,1002069,0,19,8649
0,1002070,1,19,8652
0,1002071,1,48,8654
0,1002072,1,35,8653
0,1002073,0,46,8650
0,1002074,0,35,8650
0,1002075,0,46,8647
0,1002076,0,4,8649
0,1002077,1,15,8653
0,1002078,1,50,8655
0,1002079,1,39,8652
0,1002080,0,50,8645
0,1002081,0,13,8648
0,1002082,0,50,8648
1,1000392
0,1002083,1,8,8651
1,1000141
0,1002084,0,28,8642
0,1002085,0,21,8645
0,1002086,0,8,8647
0,1002087,1,23,8652
0,1002088,1,32,8653
0,1002089,1,4,8650
0,1002090,0,31,8649
0,1002091,1,17,8655
0,1002092,1,35,8654
1,1000534
0,1002093,1,50,8651
0,1002094,1,25,8650
0,1002095,0,7,8646
0,1002096,0,7,8646
0,1002097,0,16,8645
0,1002098,0,21,8644
0,1002099,0,18,8646
1,1000510
1,1001466
0,1002100,0,46,8646
0,1002101,1,23,8647
0,1002102,0,41,8643
1,1001282
0,1002103,0,9,8641
0,1002104,1,8,8647
0,1002105,1,2,8648
0,1002106,0,35,8647
0,1002107,1,3,8650
0,1002108,0,7,8647
0,1002109,1,29,8649
0,1002110,1,50,8650
1,1000054
0,1002111,0,29,8644
1,1001225
0,1002112,0,41,8644
0,1002113,1,43,8649
0,1002114,0,24,8645
0,1002115,0,2,8644
0,1002116,1,49,8652
0,1002117,1,38,8648
0,1002118,0,25,8640
0,1002119,0,23,8644
1,1000504
1,1001224
1,1000550
0,1002120,0,11,8640
0,1002121,1,25,8645
0,1002122,0,26,8638
0,1002123,1,24,8646
0,1002124,1,33,8648
1,1000681
0,1002125,0,34,8637
0,1002126,1,38,8643
0,1002127,0,24,8635
1,1001482
0,1002128,0,21,8639
0,1002129,1,3,8641
0,1002130,1,3,8641
0,1002131,0,18,8638
0,1002132,1,8,8640
0,1002133,1,20,8640
0,1002134,1,16,8642
0,1002135,0,45,8635
0,1002136,0,15,8636
0,1002137,1,1,8639
0,1002138,0,30,8633
0,1002139,0,24,8630
0,1002140,1,45,8635
0,1002141,0,6,8632
0,1002142,1,33,8637
0,1002143,0,48,8632
0,1002144,0,15,8629
1,1001359
1,1002137
1,1000562
0,1002145,1,41,8632
0,1002146,1,47,8630
0,1002147,1,16,8631
0,1002148,0,47,8624
0,1002149,0,46,8626
1,1000249
0,1002150,0,22,8629
0,1002151,1,35,8634
1,1002124
1,1000619
0,1002152,0,2,8629
0,1002153,0,35,8630
0,1002154,0,14,8626
0,1002155,0,8,8627
1,1000650
1,1001872
0,1002156,0,39,8624
0,1002157,0,19,8623
1,1001262
0,1002158,1,41,8624
0,1002159,1,22,8627
0,1002160,0,44,8621
1,1001458
0,1002161,1,38,8627
0,1002162,1,49,8627
0,1002163,1,4,8624
0,1002164,1,44,8625
0,1002165,0,26,8621
1,1001923
0,1002166,1,34,8623
0,1002167,0,34,8619
1,1001269
0,1002168,0,10,8619
0,1002169,1,28,8623
1,1000498
0,1002170,1,26,8624
1,1000236
0,1002171,1,2,8624
0,1002172,0,33,8621
1,1001236
0,1002173,0,17,8622
1,1000758
0,1002174,0,22,8615
1,1001070
0,1002175,1,28,8617
0,1002176,0,39,8614
0,1002177,0,44,8612
0,1002178,1,11,8619
0,1002179,0,42,8618
0,1002180,1,49,8624
0,1002181,1,22,8622
0,1002182,0,36,8618
0,1002183,1,49,8627
0,1002184,1,10,8621
0,1002185,1,6,8621
0,1002186,0,45,8616
0,1002187,1,6,8622
1,1001742
0,1002188,0,39,8619
1,1000839
0,1002189,1,24,8619
0,1002190,1,17,8619
0,1002191,0,11,8617
1,1001852
0,1002192,0,1,8617
0,1002193,0,38,8614
1,1000991
1,1001363
0,1002194,0,18,8612
0,1002195,1,35,8614
0,1002196,1,13,8612
0,1002197,1,14,8616
0,1002198,1,36,8613
0,1002199,1,12,8612
0,1002200,0,12,8607
0,1002201,0,4,8609
1,1001368
1,1000952
1,1001570
0,1002202,1,39,8616
1,1001661
1,1000724
0,1002203,0,33,8605
0,1002204,0,37,8608
0,1002205,0,6,8609
0,1002206,0,49,8605
0,1002207,0,29,8607
0,1002208,0,29,8609
0,1002209,1,12,8615
0,1002210,1,33,8610
0,1002211,1,1,8612
0,1002212,0,33,8606
0,1002213,0,7,8607
0,1002214,1,41,8609
1,1001321
1,1001457
0,1002215,1,21,8607
1,1000910
1,1001712
1,1002065
0,1002216,0,18,8600
0,1002217,1,17,8605
0,1002218,1,41,8603
0,1002219,1,7,8601
0,1002220,1,18,8599
0,1002221,1,29,8599
0,1002222,1,28,8600
0,1002223,0,28,8591
1,1001981
0,1002224,0,48,8591
0,1002225,1,28,8600
0,1002226,1,40,8598
0,1002227,1,48,8601
1,1000898
0,1002228,1,9,8599
1,1000756
0,1002229,0,24,8599
0,1002230,0,19,8599
0,1002231,0,20,8597
0,1002232,0,38,8596
0,1002233,0,11,8598
0,1002234,1,47,8604
1,1001785
0,1002235,1,18,8606
0,1002236,0,18,8599
1,1000645
1,1002018
1,1001355
0,1002237,0,40,8595
0,1002238,1,10,8602
0,1002239,0,24,8592
0,1002240,0,2,8597
0,1002241,1,25,8602
0,1002242,1,13,8602
0,1002243,0,1,8599
0,1002244,0,28,8597
0,1002245,1,23,8602
0,1002246,1,28,8600
0,1002247,0,29,8592
1,1000175
0,1002248,0,45,8591
0,1002249,0,9,8590
1,1001132
0,1002250,1,46,8594
1,1002197
0,1002251,1,5,8593
0,1002252,0,25,8589
0,1002253,0,43,8589
0,1002254,0,30,8590
0,1002255,0,28,8588
0,1002256,1,20,8590
0,1002257,0,3,8587
0,1002258,1,38,8592
0,1002259,0,19,8581
0,1002260,0,45,8583
0,1002261,0,20,8583
0,1002262,1,46,8585
0,1002263,1,25,8587
0,1002264,1,7,8586
0,1002265,0,5,8582
0,1002266,1,42,8587
0,1002267,1,20,8588
0,1002268,1,2,8591
0,1002269,1,4,8587
0,1002270,0,40,8585
0,1002271,0,30,8584
1,1000568
1,1001515
1,1001178
0,1002272,0,42,8577
0,1002273,1,17,8587
0,1002274,1,45,8585
0,1002275,0,29,8580
0,1002276,1,16,8586
0,1002277,0,22,8579
0,1002278,1,40,8581
1,1000594
1,1000505
1,1002100
0,1002279,0,35,8578
0,1002280,1,28,8583
1,1000128
0,1002281,0,12,8578
0,1002282,1,28,8580
0,1002283,0,4,8576
0,1002284,0,2,8574
0,1002285,0,33,8572
0,1002286,0,34,8571
1,1001326
0,1002287,1,7,8576
0,1002288,0,10,8572
0,1002289,0,36,8573
0,1002290,0,23,8572
0,1002291,1,19,8580
0,1002292,1,38,8577
0,1002293,1,19,8580
1,1000902
0,1002294,0,8,8577
1,1000960
0,1002295,1,23,8581
0,1002296,0,20,8574
1,1001613
0,1002297,0,23,8568
1,1001805
0,1002298,0,36,8567
0,1002299,0,18,8564
0,1002300,1,48,8569
1,1001492
0,1002301,1,21,8569
0,1002302,1,34,8570
0,1002303,0,11,8565
0,1002304,0,7,8562
0,1002305,0,9,8564
0,1002306,0,35,8564
1,1001686
0,1002307,1,15,8571
1,1000742
0,1002308,1,34,8570
0,1002309,0,20,8560
0,1002310,1,45,8569
1,1000631
0,1002311,0,27,8561
0,1002312,1,25,8563
0,1002313,1,44,8566
1,1002012
0,1002314,1,34,8563
0,1002315,0,6,8553
0,1002316,1,14,8560
1,1001113
0,1002317,0,3,8554
0,1002318,1,28,8561
1,1001940
0,1002319,1,40,8561
0,1002320,1,19,8561
0,1002321,0,13,8556
1,1001604
1,1001108
0,1002322,0,30,8554
0,1002323,0,5,8553
1,1000153
0,1002324,1,20,8553
0,1002325,1,35,8554
0,1002326,0,18,8547
0,1002327,1,38,8550
0,1002328,0,9,8542
0,1002329,0,39,8546
0,1002330,0,49,8547
1,1001352
0,1002331,0,39,8542
0,1002332,0,45,8544
1,1001023
0,1002333,0,21,8544
0,1002334,0,8,8543
0,1002335,0,24,8545
0,1002336,1,17,8547
1,1001082
0,1002337,1,15,8546
0,1002338,0,1,8539
1,1000503
0,1002339,0,22,8537
0,1002340,0,45,8537
0,1002341,1,17,8539
0,1002342,0,49,8535
1,1001545
1,1002278
0,1002343,1,21,8542
0,1002344,0,46,8540
1,1002300
0,1002345,1,27,8545
0,1002346,0,32,8539
0,1002347,0,1,8541
0,1002348,0,30,8541
1,1000620
0,1002349,1,7,8546
1,1002337
1,1001962
0,1002350,1,19,8547
0,1002351,0,35,8542
0,1002352,1,49,8542
0,1002353,0,12,8540
1,1001183
0,1002354,1,3,8543
0,1002355,0,11,8539
0,1002356,1,40,8544
0,1002357,1,31,8541
0,1002358,0,50,8537
1,1001894
0,1002359,0,18,8537
0,1002360,1,18,8537
0,1002361,0,35,8536
0,1002362,1,37,8538
0,1002363,0,22,8535
1,1001971
1,1000894
1,1001222
0,1002364,1,47,8535
1,1000997
1,1000849
0,1002365,1,11,8538
0,1002366,1,40,8538
0,1002367,1,40,8541
0,1002368,1,5,8537
0,1002369,1,4,8539
0,1002370,0,46,8533
0,1002371,1,31,8534
0,1002372,1,9,8535
0,1002373,1,4,8534
0,1002374,0,14,8531
0,1002375,0,50,8533
0,1002376,1,10,8536
1,1000965
0,1002377,1,3,8535
1,1001501
1,1002286
0,1002378,0,48,8529
0,1002379,0,35,8528
0,1002380,0,45,8530
0,1002381,1,33,8533
0,1002382,1,44,8532
0,1002383,1,14,8535
0,1002384,0,14,8530
0,1002385,0,17,8528
1,1001200
0,1002386,1,40,8528
0,1002387,0,15,8523
1,1001385
0,1002388,0,35,8523
0,1002389,0,46,8519
0,1002390,0,40,8521
1,1000665
0,1002391,0,16,8519
1,1001088
0,1002392,0,27,8522
0,1002393,1,43,8522
1,1000171
1,1000795
1,1002092
0,1002394,0,38,8518
0,1002395,1,5,8522
0,1002396,0,9,8515
0,1002397,1,21,8518
0,1002398,1,6,8518
0,1002399,1,2,8519
0,1002400,0,8,8512
0,1002401,0,3,8509
0,1002402,0,17,8509
0,1002403,1,19,8515
0,1002404,1,9,8511
0,1002405,0,34,8502
0,1002406,0,18,8506
1,1000988
1,1000399
0,1002407,0,14,8502
0,1002408,1,25,8509
1,1002110
0,1002409,1,44,8507
0,1002410,1,7,8508
0,1002411,0,43,8503
1,1000131
1,1000119
0,1002412,1,10,8508
0,1002413,1,35,8506
0,1002414,0,11,8502
0,1002415,1,42,8502
0,1002416,0,2,8499
0,1002417,0,32,8497
0,1002418,1,27,8499
0,1002419,0,12,8493
0,1002420,1,28,8497
0,1002421,0,28,8497
1,1001691
0,1002422,0,48,8496
1,1001451
0,1002423,1,14,8503
1,1000984
0,1002424,0,45,8491
0,1002425,1,39,8496
0,1002426,0,4,8492
0,1002427,1,18,8495
1,1001258
0,1002428,0,1,8491
0,1002429,1,19,8496
0,1002430,1,25,8492
0,1002431,1,39,8496
1,1001554
0,1002432,1,16,8490
0,1002433,1,12,8492
0,1002434,0,30,8488
1,1002090
0,1002435,0,44,8482
0,1002436,1,36,8486
0,1002437,1,19,8485
0,1002438,1,23,8484
0,1002439,1,28,8484
0,1002440,1,29,8484
0,1002441,1,43,8486
1,1001571
0,1002442,0,20,8483
0,1002443,1,45,8485
1,1000360
0,1002444,0,24,8479
1,1002293
0,1002445,0,45,8482
1,1001150
0,1002446,1,25,8487
0,1002447,1,47,8483
1,1001908
1,1002063
0,1002448,0,37,8475
0,1002449,0,35,8472
0,1002450,1,33,8480
0,1002451,0,14,8475
0,1002452,0,9,8473
0,1002453,0,38,8475
1,1001126
1,1001687
0,1002454,0,12,8471
0,1002455,0,13,8470
0,1002456,1,31,8473
0,1002457,0,12,8466
0,1002458,0,7,8466
0,1002459,1,23,8473
0,1002460,1,25,8473
0,1002461,0,31,8467
0,1002462,1,50,8469
0,1002463,1,12,8472
0,1002464,0,44,8466
0,1002465,1,50,8470
0,1002466,0,22,8466
0,1002467,0,42,8461
0,1002468,1,8,8471
1,1001347
0,1002469,0,16,8464
0,1002470,1,11,8469
0,1002471,0,17,8462
0,1002472,1,47,8463
0,1002473,0,23,8462
0,1002474,1,8,8465
0,1002475,0,23,8462
0,1002476,1,36,8467
1,1000934
0,1002477,0,20,8456
0,1002478,1,24,8461
0,1002479,0,20,8450
0,1002480,1,4,8455
0,1002481,0,12,8451
0,1002482,0,33,8453
1,1002094
1,1002301
0,1002483,0,45,8453
0,1002484,0,23,8450
0,1002485,1,16,8459
0,1002486,0,44,8452
0,1002487,0,33,8455
0,1002488,0,11,8456
1,1000400
0,1002489,1,4,8461
0,1002490,1,17,8462
0,1002491,0,2,8454
1,1001921
0,1002492,0,7,8451
1,1001206
0,1002493,1,18,8451
0,1002494,1,41,8450
0,1002495,0,8,8446
0,1002496,0,45,8443
0,1002497,0,8,8444
0,1002498,0,23,8446
0,1002499,1,17,8447
1,1001606
0,1002500,0,24,8443
0,1002501,1,50,8451
0,1002502,1,8,8449
0,1002503,0,47,8442
0,1002504,0,12,8444
0,1002505,0,30,8440
0,1002506,0,48,8440
0,1002507,0,24,8442
0,1002508,0,41,8440
1,1001085
0,1002509,0,35,8441
0,1002510,1,12,8446
0,1002511,0,9,8440
1,1001145
0,1002512,0,5,8444
0,1002513,1,32,8451
1,1001483
0,1002514,0,12,8440
0,1002515,0,33,8438
0,1002516,1,27,8447
0,1002517,1,32,8443
1,1002061
0,1002518,0,15,8440
0,1002519,0,10,8440
1,1002457
0,1002520,0,15,8438
1,1002120
0,1002521,0,50,8433
1,1001184
0,1002522,0,46,8435
0,1002523,0,33,8431
0,1002524,0,48,8436
1,1001776
0,1002525,0,37,8436
1,1001862
0,1002526,0,13,8438
0,1002527,1,33,8442
0,1002528,1,29,8438
0,1002529,1,42,8440
0,1002530,0,38,8434
0,1002531,0,44,8432
1,1001765
0,1002532,0,24,8430
0,1002533,1,42,8435
0,1002534,0,46,8432
0,1002535,1,40,8436
0,1002536,0,3,8431
1,1001580
0,1002537,1,46,8436
1,1002452
1,1000364
0,1002538,0,50,8430
1,1000291
0,1002539,1,21,8440
0,1002540,1,46,8436
0,1002541,1,24,8438
0,1002542,0,48,8429
0,1002543,1,43,8433
0,1002544,1,18,8434
0,1002545,1,41,8431
0,1002546,0,19,8426
1,1002429
0,1002547,0,19,8427
0,1002548,1,31,8427
0,1002549,0,32,8421
0,1002550,1,9,8425
1,1001920
0,1002551,1,21,8426
0,1002552,1,41,8425
0,1002553,1,40,8425
1,1002461
0,1002554,1,25,8424
0,1002555,1,3,8426
0,1002556,1,33,8422
0,1002557,0,44,8416
0,1002558,1,35,8423
0,1002559,0,33,8412
0,1002560,0,18,8414
0,1002561,1,22,8421
0,1002562,1,18,8416
0,1002563,0,45,8408
1,1001527
0,1002564,0,29,8410
0,1002565,0,12,8407
0,1002566,1,39,8415
0,1002567,1,11,8413
0,1002568,0,6,8407
0,1002569,0,45,8408
1,1002008
1,1002262
1,1001357
0,1002570,1,6,8414
0,1002571,1,13,8414
0,1002572,0,16,8408
0,1002573,0,5,8406
0,1002574,0,11,8405
0,1002575,0,39,8406
0,1002576,0,49,8404
0,1002577,0,35,8403
0,1002578,0,4,8402
0,1002579,0,22,8404
0,1002580,0,3,8399
0,1002581,0,12,8403
0,1002582,1,7,8405
0,1002583,1,30,8406
1,1002324
0,1002584,1,15,8409
1,1000787
0,1002585,0,41,8402
0,1002586,0,50,8399
0,1002587,1,1,8404
0,1002588,0,41,8400
0,1002589,0,29,8399
0,1002590,1,37,8403
0,1002591,1,50,8402
0,1002592,1,2,8400
0,1002593,1,23,8401
1,1001762
0,1002594,1,1,8402
0,1002595,0,35,8395
0,1002596,1,12,8399
0,1002597,0,29,8393
0,1002598,0,10,8396
0,1002599,1,39,8398
0,1002600,1,1,8400
0,1002601,0,27,8395
0,1002602,0,21,8395
0,1002603,1,39,8398
0,1002604,1,19,8398
1,1001299
0,1002605,1,40,8397
0,1002606,0,9,8389
1,1002543
1,1002253
0,1002607,0,16,8388
1,1001909
0,1002608,0,17,8384
0,1002609,1,48,8388
0,1002610,1,6,8389
0,1002611,1,28,8390
1,1001887
1,1001027
0,1002612,1,25,8390
0,1002613,0,17,8389
1,1001737
0,1002614,0,30,8384
0,1002615,1,4,8388
0,1002616,0,47,8382
0,1002617,0,2,8383
0,1002618,0,8,8385
0,1002619,0,2,8386
0,1002620,1,35,8390
0,1002621,0,25,8387
0,1002622,0,23,8385
1,1002404
0,1002623,0,39,8387
0,1002624,0,32,8388
0,1002625,0,41,8385
1,1001567
0,1002626,1,10,8389
1,1002412
1,1002382
0,1002627,1,46,8387
0,1002628,1,23,8390
0,1002629,0,9,8385
0,1002630,0,2,8382
0,1002631,1,45,8385
0,1002632,0,44,8383
0,1002633,1,14,8390
1,1001491
0,1002634,0,4,8384
1,1001900
0,1002635,0,47,8384
0,1002636,0,14,8381
1,1002525
0,1002637,0,41,8384
0,1002638,1,15,8390
0,1002639,1,20,8388
0,1002640,1,2,8386
0,1002641,1,25,8386
1,1002046
1,1002546
0,1002642,0,44,8383
0,1002643,1,2,8388
1,1002042
0,1002644,0,3,8382
1,1002381
1,1000782
0,1002645,0,49,8379
0,1002646,0,21,8381
0,1002647,1,11,8385
0,1002648,0,21,8382
1,1001756
0,1002649,1,18,8386
0,1002650,1,24,8385
0,1002651,0,14,8381
1,1002486
0,1002652,1,24,8382
0,1002653,1,40,8382
0,1002654,1,14,8381
0,1002655,1,2,8381
1,1001497
1,1001878
0,1002656,1,41,8376
0,1002657,1,9,8374
0,1002658,1,33,8374
0,1002659,1,47,8377
1,1001522
1,1002001
0,1002660,1,12,8373
0,1002661,0,21,8372
0,1002662,0,41,8369
0,1002663,0,22,8369
0,1002664,0,41,8374
0,1002665,0,10,8369
0,1002666,1,11,8378
1,1000454
1,1001263
0,1002667,0,30,8366
0,1002668,1,2,8375
0,1002669,0,44,8369
0,1002670,0,34,8370
0,1002671,0,10,8372
1,1002014
0,1002672,1,40,8370
1,1000083
0,1002673,0,32,8362
0,1002674,0,32,8363
0,1002675,0,20,8362
1,1001542
0,1002676,0,48,8364
0,1002677,1,31,8364
0,1002678,1,49,8365
1,1000629
0,1002679,1,35,8360
0,1002680,0,39,8352
0,1002681,0,12,8353
0,1002682,1,16,8364
0,1002683,0,3,8352
1,1000247
0,1002684,0,16,8355
1,1002122
0,1002685,0,24,8354
0,1002686,0,31,8357
0,1002687,0,12,8356
0,1002688,1,40,8362
0,1002689,1,2,8360
0,1002690,0,16,8359
0,1002691,1,46,8366
0,1002692,1,4,8361
0,1002693,1,39,8361
0,1002694,0,39,8356
0,1002695,1,44,8360
0,1002696,0,11,8354
0,1002697,1,13,8361
0,1002698,1,1,8359
0,1002699,1,21,8356
1,1002686
0,1002700,1,49,8353
0,1002701,1,7,8352
1,1002227
0,1002702,1,18,8354
1,1002086
1,1000292
0,1002703,1,40,8351
0,1002704,0,43,8346
0,1002705,1,44,8347
0,1002706,0,44,8342
0,1002707,0,48,8340
0,1002708,0,33,8337
1,1000843
0,1002709,0,15,8334
0,1002710,1,35,8340
0,1002711,1,17,8344
1,1002356
0,1002712,1,39,8343
1,1000653
1,1001700
0,1002713,0,13,8333
0,1002714,1,29,8335
0,1002715,1,7,8335
0,1002716,1,3,8337
0,1002717,0,31,8330
0,1002718,0,39,8328
0,1002719,1,30,8334
1,1002237
0,1002720,1,42,8331
1,1002680
1,1002597
0,1002721,0,39,8326
0,1002722,0,41,8327
0,1002723,1,23,8329
0,1002724,1,43,8328
0,1002725,1,38,8327
0,1002726,0,40,8323
0,1002727,1,40,8328
0,1002728,0,46,8320
1,1001922
0,1002729,0,32,8320
0,1002730,1,32,8323
0,1002731,1,41,8319
0,1002732,1,45,8320
1,1001358
0,1002733,0,25,8311
1,1001319
0,1002734,1,24,8316
0,1002735,0,8,8308
0,1002736,0,30,8308
0,1002737,0,49,8302
0,1002738,0,45,8305
0,1002739,0,2,8304
0,1002740,0,28,8303
1,1002566
0,1002741,1,47,8301
1,1001896
0,1002742,0,21,8296
0,1002743,1,28,8301
0,1002744,1,48,8306
0,1002745,1,46,8305
0,1002746,1,47,8303
0,1002747,1,35,8303
0,1002748,0,32,8300
1,1000798
0,1002749,1,24,8306
0,1002750,0,12,8301
0,1002751,1,43,8301
1,1002642
0,1002752,0,15,8297
0,1002753,1,31,8301
1,1002361
0,1002754,1,40,8300
0,1002755,1,36,8300
0,1002756,1,17,8301
0,1002757,1,31,8298
0,1002758,1,10,8300
0,1002759,1,33,8296
0,1002760,1,20,8297
1,1000864
0,1002761,0,11,8290
1,1001383
0,1002762,0,32,8288
0,1002763,1,11,8292
0,1002764,1,45,8290
0,1002765,1,44,8291
0,1002766,0,24,8289
0,1002767,1,4,8291
0,1002768,1,16,8290
0,1002769,0,1,8286
0,1002770,1,21,8289
0,1002771,1,41,8293
1,1002183
0,1002772,1,36,8289
0,1002773,0,17,8282
0,1002774,0,22,8279
0,1002775,0,10,8283
0,1002776,0,1,8282
1,1001535
1,1002627
0,1002777,0,12,8280
1,1001797
0,1002778,0,10,8276
0,1002779,1,38,8280
1,1000463
0,1002780,1,35,8280
1,1001265
1,1002770
0,1002781,0,48,8274
1,1001452
0,1002782,0,48,8278
0,1002783,0,39,8274
0,1002784,1,28,8280
0,1002785,1,39,8280
0,1002786,1,48,8278
0,1002787,1,15,8278
0,1002788,0,35,8276
0,1002789,0,49,8272
1,1002483
0,1002790,1,22,8280
0,1002791,0,38,8276
0,1002792,0,12,8274
0,1002793,0,5,8270
0,1002794,1,25,8276
0,1002795,1,48,8275
0,1002796,0,38,8268
1,1001438
0,1002797,1,18,8276
1,1002191
0,1002798,0,14,8275
0,1002799,0,12,8276
0,1002800,1,32,8277
0,1002801,1,4,8279
0,1002802,0,31,8271
0,1002803,1,47,8275
0,1002804,1,7,8273
0,1002805,0,25,8269
1,1001755
1,1002176
0,1002806,1,7,8273
1,1001473
1,1002011
1,1001037
0,1002807,0,44,8264
0,1002808,0,33,8258
1,1002084
0,1002809,1,27,8268
0,1002810,0,26,8260
0,1002811,0,8,8257
1,1002556
0,1002812,1,6,8263
0,1002813,0,33,8255
1,1002520
0,1002814,1,5,8262
1,1002802
1,1001105
1,1001865
0,1002815,0,45,8254
1,1001915
0,1002816,0,35,8251
1,1000526
0,1002817,1,45,8260
0,1002818,1,25,8259
0,1002819,1,14,8254
0,1002820,1,33,8254
0,1002821,1,46,8254
0,1002822,0,50,8248
0,1002823,1,18,8251
1,1002701
0,1002824,1,35,8250
0,1002825,1,20,8249
1,1002295
0,1002826,1,37,8249
1,1000431
1,1002534
1,1001135
0,1002827,0,40,8248
0,1002828,0,44,8248
1,1002104
0,1002829,1,46,8251
0,1002830,0,29,8244
0,1002831,0,7,8248
0,1002832,1,1,8252
1,1002298
1,1000410
0,1002833,0,24,8250
0,1002834,1,49,8254
1,1001066
1,1001937
0,1002835,0,9,8246
0,1002836,1,34,8257
1,1002391
0,1002837,0,44,8247
0,1002838,0,33,8247
0,1002839,0,38,8249
0,1002840,0,50,8246
0,1002841,0,16,8246
0,1002842,1,41,8256
0,1002843,0,16,8249
0,1002844,0,3,8245
1,1000268
0,1002845,1,12,8248
0,1002846,1,46,8251
0,1002847,0,19,8244
0,1002848,1,35,8245
0,1002849,1,12,8247
0,1002850,1,23,8246
1,1002435
0,1002851,1,24,8245
0,1002852,0,14,8243
0,1002853,0,38,8245
0,1002854,1,27,8253
0,1002855,0,33,8247
0,1002856,0,25,8245
0,1002857,0,33,8243
0,1002858,0,20,8238
0,1002859,0,30,8243
0,1002860,0,42,8243
0,1002861,1,47,8244
0,1002862,1,5,8245
0,1002863,0,37,8240
0,1002864,0,39,8240
0,1002865,1,45,8244
1,1001645
0,1002866,1,21,8243
0,1002867,1,24,8245
0,1002868,1,47,8245
0,1002869,1,45,8242
1,1002447
0,1002870,1,37,8241
1,1002545
0,1002871,1,9,8240
1,1001509
0,1002872,1,34,8234
0,1002873,0,44,8228
0,1002874,0,30,8225
0,1002875,0,39,8225
1,1002189
1,1002310
0,1002876,1,44,8226
0,1002877,0,15,8216
0,1002878,0,15,8218
0,1002879,0,30,8217
1,1000892
1,1002248
1,1002019
1,1001298
0,1002880,0,49,8216
0,1002881,0,3,8217
0,1002882,1,34,8218
0,1002883,0,28,8216
0,1002884,1,11,8219
0,1002885,1,31,8217
0,1002886,1,1,8220
0,1002887,0,22,8217
0,1002888,1,50,8217
0,1002889,1,20,8217
0,1002890,0,36,8216
0,1002891,1,29,8220
1,1001821
0,1002892,1,50,8218
0,1002893,0,50,8216
0,1002894,1,28,8218
1,1001749
0,1002895,1,44,8215
0,1002896,1,6,8217
1,1001464
0,1002897,0,28,8213
0,1002898,1,1,8214
0,1002899,1,48,8211
0,1002900,0,5,8207
0,1002901,1,32,8214
0,1002902,1,44,8210
0,1002903,0,44,8205
0,1002904,1,31,8206
1,1002289
0,1002905,1,20,8205
1,1002196
0,1002906,1,13,8205
0,1002907,1,1,8204
0,1002908,0,16,8199
1,1002693
0,1002909,0,44,8197
0,1002910,0,26,8196
1,1002601
0,1002911,1,43,8200
0,1002912,1,18,8199
0,1002913,0,36,8196
1,1000529
0,1002914,1,35,8198
0,1002915,0,10,8191
0,1002916,0,31,8191
0,1002917,1,34,8196
0,1002918,1,44,8195
1,1002763
0,1002919,1,27,8199
0,1002920,0,16,8192
1,1000730
0,1002921,1,13,8192
1,1001995
1,1002870
0,1002922,0,5,8185
0,1002923,1,2,8192
0,1002924,0,29,8186
0,1002925,1,8,8192
1,1001234
1,1000921
0,1002926,0,32,8187
1,1002868
1,1001246
0,1002927,0,1,8186
0,1002928,1,12,8190
0,1002929,0,2,8183
0,1002930,1,19,8194
0,1002931,1,11,8189
0,1002932,1,21,8189
0,1002933,1,2,8187
0,1002934,0,16,8184
1,1002421
0,1002935,1,45,8188
0,1002936,1,7,8188
0,1002937,1,39,8186
1,1001099
0,1002938,0,47,8181
0,1002939,0,26,8182
0,1002940,0,19,8177
0,1002941,0,38,8179
0,1002942,0,38,8177
0,1002943,0,38,8174
0,1002944,1,1,8178
0,1002945,0,18,8173
1,1001665
0,1002946,0,26,8172
0,1002947,1,30,8176
0,1002948,1,17,8175
0,1002949,1,50,8176
0,1002950,0,44,8174
0,1002951,0,46,8173
0,1002952,0,5,8173
0,1002953,0,6,8169
0,1002954,0,30,8169
0,1002955,0,25,8170
0,1002956,1,34,8170
1,1002596
0,1002957,1,15,8171
0,1002958,0,31,8165
1,1000777
0,1002959,0,19,8162
0,1002960,0,46,8163
0,1002961,0,31,8161
1,1001675
0,1002962,0,16,8159
1,1002353
0,1002963,1,4,8165
1,1000381
1,1000458
0,1002964,1,4,8167
0,1002965,1,30,8167
0,1002966,1,6,8165
0,1002967,1,11,8166
0,1002968,1,19,8163
0,1002969,0,33,8162
0,1002970,0,5,8158
0,1002971,0,28,8162
0,1002972,1,25,8163
0,1002973,1,29,8166
1,1001223
0,1002974,1,6,8164
0,1002975,1,14,8165
0,1002976,0,41,8161
0,1002977,1,49,8166
0,1002978,0,19,8159
0,1002979,0,44,8162
0,1002980,1,50,8162
0,1002981,0,41,8157
0,1002982,1,44,8163
0,1002983,0,34,8158
0,1002984,1,40,8162
1,1001651
1,1000396
0,1002985,0,13,8156
0,1002986,0,47,8155
0,1002987,1,15,8159
0,1002988,1,22,8163
0,1002989,1,10,8160
0,1002990,1,48,8159
1,1001154
0,1002991,0,12,8154
0,1002992,1,39,8156
0,1002993,0,35,8150
1,1000907
0,1002994,0,7,8152
1,1002395
0,1002995,0,35,8150
0,1002996,1,1,8154
1,1000023
0,1002997,1,49,8150
1,1001123
0,1002998,1,6,8149
0,1002999,0,37,8146
0,1003000,0,25,8140
1,1002444
0,1003001,1,50,8148
0,1003002,1,10,8145
0,1003003,0,35,8140
0,1003004,1,23,8144
1,1001867
0,1003005,1,40,8145
1,1002893
0,1003006,0,38,8134
0,1003007,0,15,8134
0,1003008,1,25,8138
0,1003009,0,17,8131
0,1003010,1,22,8133
0,1003011,0,32,8132
0,1003012,0,39,8127
0,1003013,1,39,8135
1,1002829
0,1003014,0,23,8130
0,1003015,1,37,8134
0,1003016,0,43,8132
1,1000285
0,1003017,1,19,8139
0,1003018,0,33,8129
0,1003019,0,26,8128
0,1003020,0,22,8129
0,1003021,1,46,8131
0,1003022,0,15,8130
0,1003023,1,18,8130
0,1003024,0,50,8124
0,1003025,0,35,8124
1,1001327
0,1003026,1,17,8128
1,1002715
0,1003027,1,32,8131
0,1003028,0,43,8121
0,1003029,1,8,8128
0,1003030,0,10,8124
0,1003031,0,5,8124
0,1003032,0,27,8124
1,1002674
0,1003033,1,17,8126
